-2.342296140840825,1.9678883614809428,-3.0443337774933314,-3.043570138920412
-2.0181595673604975,2.2525518965286717,-2.9375454418199536,-3.0219471341553454
1.8536768738802814,2.235308035803151,0.26775568441214226,-0.31204271952596724
2.8148670816558528,-0.39094319979550113,2.5439531890169462,2.24158226727916
-1.7496727941883223,2.502561730295501,-2.8571199166999657,-3.0142366749527327
2.532960254294132,1.4196685121827262,1.2889371688997184,0.7463225494038819
-3.250670561398912,-0.4328035756459164,-2.438514905214035,-1.954289708851249
0.2045331254882506,2.9850080050719674,-1.5166538301935724,-1.9988140730108
2.850496362680424,0.6424970333293663,1.9898350542425831,1.5250607806054477
-0.24429119667505395,2.9968800247476084,-1.8937879746664914,-2.3200294552057676
2.2147774493329657,1.9455770392569622,0.729379276406671,0.14737876923583712
1.0376714974504457,2.7957063720288824,-0.7221473173661389,-1.28256429996948
0.4038249950228379,-2.902163490787827,1.9719759222182802,2.3632322403373656
2.2738170406954303,1.8312500842284665,0.8426606085108392,0.27052518619886856
1.2573506780543295,-2.1398070384209618,2.2459622337911886,2.411008265763605
-2.1413755466628595,-2.166013093403169,-0.5443305130923425,0.061891974928912546
-0.6419293170415477,2.973775839308319,-2.2089272728384817,-2.580492673407153
2.7464003712316845,-0.7104007900398063,2.667824498368534,2.4230458989055483
2.8319825629029722,-0.4024708519057028,2.5645882072564543,2.261776169352757
0.21259923738061667,2.9835418076244316,-1.509168703421694,-1.9921425730675915
2.032621134241216,2.188166790543392,0.44206270489408483,-0.15355399331366165
2.956047374881397,0.18503438811082346,2.3352529032838456,1.9267624938907792
-0.5614757630938081,2.9772060571649948,-2.144462936114233,-2.5269008302535374
2.6411258340994643,-1.004853068858536,2.747197936539194,2.5609275582519735
-1.1071319004328426,2.8242501958052832,-2.5084470038757694,-2.7973393033489296
1.5594408412376783,2.499079453297142,-0.12402433810224615,-0.7062569705442762
1.060654247275762,2.8001498883689973,-0.7056878334636,-1.2697396474785287
-1.8594537585595818,2.422311758339129,-2.9024135137793676,-3.0331540032113717
2.5548750557164674,-0.7327409154495511,2.5223660179843264,2.3056347516104037
-0.14613983316132262,3.001314218633337,-1.815283892909814,-2.254827637706335
2.3031374249306746,1.7425244988839774,0.9169579998253571,0.35460073368169465
0.8153218291160222,2.8825184453303123,-0.9546782013953639,-1.4997519752655868
-3.1404854877872417,-0.16076884161619318,-2.501177604802782,-2.072668802188539
1.8642975168016713,-1.8077635847985618,2.5594112392382296,2.5956788066365886
-3.095651893965302,-0.252177788405106,-2.4125614692718136,-1.9758601718269113
2.5719084901655296,-1.034919046572212,2.7070469254423553,2.5342713825717658
2.852348779683165,-0.7419630796840138,2.7730889024972543,2.519502266637356
1.6766523138740186,2.4661314323929227,-0.00868168324263346,-0.6009594876673496
-0.22520378423434947,2.996879911976332,-1.8780343897072558,-2.3067310459970902
1.7659615848734507,-2.330839201707082,2.773601802496396,2.9023989828826435
1.3826153335745346,-2.406264286264556,2.4998006947578464,2.689425721413519
0.512262181718425,2.9549918941585847,-1.2457257092364347,-1.762884934885335
1.0260044416558447,-2.2693794577303583,2.128186036838841,2.3427773548867483
-3.270491563208743,-0.17696545696216323,-2.5993309520532044,-2.1516261665202046
-0.7541149972855471,2.904892408538393,-2.2626235995008575,-2.609239240900961
1.5107464782663125,2.558683496788892,-0.1978685046493804,-0.7829399835748598
-3.238511648088888,-0.4067256778815414,-2.4432044097152916,-1.9645256511689124
-1.7749092892891192,2.420688376752735,-2.831719322052613,-2.9730867615635916
2.325839671101543,1.858923259495421,0.8699712880368599,0.28691818100841493
2.3733209786747915,-1.524821748329561,2.819765452775944,2.747348817977378
-2.8991058375162857,1.3230794937853816,-3.139802176963971,-2.9689456217163306
0.2530321149892439,2.986630456349736,-1.4775419917737147,-1.9661883769351947
-1.3739005224846212,2.743987932656675,-2.6833011658109682,-2.9256221688366675
2.214738232413668,1.86227573925328,0.7763823613575687,0.20710814148253184
1.2016869062853655,2.6975787124374753,-0.5313725146405502,-1.0979011899042628
2.425629819536438,1.759566482122107,1.0084327080819295,0.4277168363706508
0.5393811008790428,2.9155878329223848,-1.2010942928171027,-1.7157242586219228
-2.29863686536293,1.9909662647626856,-3.0213309869100464,-3.0297075032540746
1.352920954308567,2.6262992229618276,-0.36630624138017603,-0.9414026380332022
-0.834858744385526,2.8979061029782818,-2.325319524812375,-2.6604822823969165
-2.899703835753173,1.2797169676675209,-3.115811402206681,-2.9382558788727104
1.1479321436051495,-2.333637635635965,2.265100208210175,2.4738211982008025
0.880201712010706,2.8663629047476844,-0.8920084189576033,-1.442960450112479
1.8591067521711087,2.3271050676376195,0.22040465324485028,-0.3741108468027636
-1.5220598317556413,2.661621748962345,-2.759074874747482,-2.9697598701007513
-0.16946830594525855,2.999126262266153,-1.833302299245,-2.269511197387104
-2.640459889192031,1.4863098267343575,-3.01849924308928,-2.9058395277338667
2.9502697289249586,-0.5024772394146997,2.718682672159516,2.4159278227583743
1.1072299961135408,2.77214677962715,-0.6514354645739465,-1.2172018101502937
1.7810612259533967,2.338646140325335,0.1494743210449819,-0.4367647473412198
1.9107456957940563,2.1927456082088774,0.3388891700290467,-0.2417500717258799
2.2127463559881333,1.8542303190501646,0.7792811807660655,0.21149181899922234
-0.050523742425704336,-3.3168798015767322,1.8311521710938647,2.3441836981133526
-2.881201010959487,1.0820548655091111,-2.988931943668832,-2.7835707237737357
0.7782530134064715,2.8965282663267975,-0.9931829551822566,-1.535628098302226
-2.2604816579448324,2.1511871214497145,-3.0803076361428605,-3.1180599216829332
-2.0363802113310907,2.3195915847857265,-2.990437043608569,-3.0827329077614873
2.691831027296711,-0.010905030164889749,2.227821459351633,1.883239526956718
1.5704375587797545,2.4297743788955954,-0.07581576683875277,-0.6488790663997218
-3.0063585300032414,1.045724474566657,-3.071715219808223,-2.844706979789434
2.3383634978189103,1.6157782426497507,1.0175976519670777,0.47006517391521446
-0.030369944185848388,2.9998601176068016,-1.7189138332040261,-2.1731268710885767
1.01752402919989,2.7813107059257036,-0.730647335948917,-1.286274357514331
-1.9798966249426746,2.2754930643020055,-2.9189192304253915,-3.0117460718880324
2.290167738280867,1.8077927690086877,0.8694004180416207,0.29874407485820736
2.010541713586702,2.0913513563544806,0.47850587889458324,-0.09948573241366301
2.8010406924991784,-0.8635833907011574,2.799414504039213,2.5710006489377455
1.8153416565818032,2.3183836042242025,0.18920826983844613,-0.39834588763388007
1.9497681074497903,-2.181477467649729,2.8409678928826336,2.9233126707099935
1.3334458097418256,2.607723356465801,-0.37189104859285005,-0.941645590943696
-1.9171415928260473,2.3914966135423645,-2.9326257983704176,-3.051240072580616
-2.294250080479788,2.126869869009367,-3.0944473643561885,-3.1241424790750822
0.28722591964968663,2.974496827830244,-1.4424694649596834,-1.9336611914869881
2.6216544619230917,-0.9204753930889679,2.6834843000650186,2.486832882967254
2.7629943707178968,0.1453935485774721,2.1983022850639697,1.8206977683180625
2.8874287843549906,0.41076255797621325,2.15116382452977,1.7170279839445466
2.189113483273246,1.9682718412462117,0.6953834420693308,0.11321825745482637
-1.9634074694840868,2.2749712118999703,-2.9050154831346044,-2.999883612649416
2.1765393811283182,1.878255753384122,0.735832494239405,0.16903138503325485
2.5186129015706786,1.6289804220141537,1.1589093932391243,0.5861754790846953
1.4551268692367887,2.567191386426704,-0.24857726471726435,-0.8277937248093805
2.045602248496289,2.0892709178734994,0.5086172909628964,-0.07356640729277952
-3.208161766950718,-0.432280891511138,-2.403726012871731,-1.9250484972006312
1.521663279302274,2.5677000408023223,-0.1939496036667367,-0.781802247815395
-1.4781289030859956,-2.9129700026106047,0.42483416005534486,1.0598144499203364
-0.5137412811010097,-3.3768332192657207,1.4826944850267303,2.0644648803804264
-1.9713973194355598,2.263156142077659,-2.9049385006095343,-2.9969745824158456
0.9331462911435981,2.848535370610056,-0.8382451892128185,-1.3932849164076841
1.748130558764279,-2.4326895803931294,2.816394271335623,2.963038976868698
-0.45941442625825335,-3.1054582558838235,1.374302542633041,1.9076422817474652
-2.30884510422174,2.1577379602679576,-3.1239225926481082,-3.1564543433179733
-0.09904466554019815,3.004372720331416,-1.7781415337456448,-2.2242101532690124
-0.14821271877270503,3.0032480094776566,-1.8180866196758865,-2.2576590476601925
2.323943686679278,-1.411843089205117,2.7152200655953718,2.631901398090129
-3.101874959814886,0.7221678061912131,-2.9678544936258255,-2.6791485704818134
-2.733904267373053,1.28337052400568,-2.981034066573382,-2.8253631080680393
-2.293848039947363,1.982291322954334,-3.012480358141769,-3.0201480741127367
-1.5427360249339854,2.595879667962598,-2.7390189021364884,-2.937004630378284
2.5783738354978905,1.458757671235016,1.3043472154175555,0.7499216497897224
-2.9826131896362487,1.2183568073910223,-3.1495928921090957,-2.95200229727777
-2.4509508162900855,1.7345427833685734,-3.002253526486896,-2.9518787085644718
1.861705469830782,2.2925673773532025,0.2420509143500184,-0.34752448028244226
-1.639213640395938,2.546889605804354,-2.790983444349991,-2.9690779128896794
2.471290241711508,1.4392691003600235,1.2269713865549237,0.6892960365578464
-2.448685674197858,1.9874575930833203,-3.143190467760919,-3.13173054809876
1.4782911433287291,2.591517322597518,-0.24319442108279482,-0.8291053781113357
0.7235721224325,2.8822079343613938,-1.0302271742972848,-1.5634518645577864
1.5692156348813888,-1.9810704376059476,2.4137260628003196,2.5144160061519445
1.4246360678001138,2.6122867872532773,-0.29920518773154825,-0.881386331198182
-1.8966123462366542,2.4815153350214754,-2.9665106735607525,-3.101512686891971
0.2001398272833932,2.986428178141209,-1.5210816657034252,-2.0028936831476387
-3.2867442618389697,-0.5805554374299606,-2.384860838262333,-1.8734317999862873
-2.732739949800099,1.4582905941448066,-3.078840414863147,-2.9500318979380262
2.5924215981314993,1.2596549313565253,1.4283631977335898,0.9025363834344928
0.9242641552882276,-3.351423072935698,2.6551839382393854,3.0481047927500167
0.9724165486303439,2.8173012968098035,-0.7881979624175564,-1.3435191114546614
2.2752949319031557,1.8538326999853265,0.8311292607428534,0.2553550659573488
2.7341554726701327,1.1020108869404477,1.634353735384555,1.114370240223236
0.1364395570913833,2.9960077203296724,-1.5790647837675467,-2.054146031714562
1.7538548340240916,2.4164340865462104,0.08309753847806017,-0.5115212801556053
1.6978988701161775,2.467845224802946,0.00788617633292037,-0.5873862688067835
1.806251968379802,2.384199178056211,0.14454395804049144,-0.45189193715452713
-3.2618259376150114,-0.3554683532525868,-2.4913885857556224,-2.0175386271312212
-2.106993729834483,2.3084813912108544,-3.0424436081434885,-3.1239598548414036
-1.547640294171354,2.5860839405423124,-2.737535486443901,-2.9333944429306706
-0.9902533061961583,2.8524667413801734,-2.4279151975157265,-2.7361505133974573
0.9146233733824118,-2.3022032271510513,2.054792968717939,2.2887237482466083
2.5815845240128055,1.322311816922512,1.384040235660807,0.850038822688751
2.343559915123562,1.679252384350933,0.9860462438717573,0.4281519905519712
2.6301183984928986,1.364787355591131,1.4001134775861486,0.853382612291473
-0.9329785558219639,2.8557709445448776,-2.3825099996443604,-2.698617100801342
0.42128250580639737,2.9523940883110793,-1.3193476444804353,-1.8244075336597936
2.0224389441657236,2.11158140181672,0.4769023441035487,-0.10570899837811952
-0.9065365785932638,2.8854245047896576,-2.3774301537104647,-2.701466959916151
0.0015563632940052902,2.999924453506181,-1.6926002413696992,-2.1509297502119655
1.1559631793197307,2.696244350746006,-0.5683564976658196,-1.1288000047707398
-3.1234961106560495,0.3846229979142771,-2.79510706402323,-2.4520723471676877
2.4873622798101565,1.477678487496031,1.218548640647861,0.6729403255243248
0.1292868268204296,2.9940251707470096,-1.583848755104024,-2.057707192865853
-0.42664089755379697,2.976681679202472,-2.032882833382752,-2.43258430905254
-1.2424774882119158,2.7530217234102015,-2.5799339169614135,-2.840539303917065
2.979152479067721,-0.16249611080326315,2.5505528491420786,2.1921630951669266
-1.2528355551616706,2.800310527320177,-2.615184065720286,-2.881678750173
-2.0708480783094103,2.302187058506243,-3.009057267029029,-3.0942616590063596
-3.0449161224972867,0.8749949803256679,-3.0071370502090167,-2.7490964705863403
-1.0983437545123744,2.8609812729783743,-2.5219337603240617,-2.8175658050588344
1.9896104490093385,-1.607487982952207,2.5497523540107743,2.5393162444305863
2.7656569374828868,-0.3942610577265394,2.505211707924712,2.2096773152614824
2.0859610112673566,2.0497774008898433,0.5642265323642699,-0.01711727152995652
1.8363989885411354,2.273447948208644,0.2319602158157119,-0.3514402366355364
-1.0087230110666632,-3.04289112249614,0.8856105430657711,1.4800523909836723
-3.0335737508345173,0.2520474153899295,-2.646033133057461,-2.294318934131302
1.3576224894032445,2.596670191181014,-0.3456960872327724,-0.9168724805730875
2.087373025934706,2.0697773703346987,0.5540990861428395,-0.0304806113365892
-2.5853007747966115,1.725026592580955,-3.107764086600349,-3.0386547286328214
2.863591668952074,0.6268743325486392,2.0094643173066666,1.5453914079072177
-3.0627147522140383,-0.9924248504269483,-1.9674023411077475,-1.4218919054702432
0.8220412342545845,-2.396551692060058,2.0316547825784665,2.2919025967200337
-1.7534861916539892,2.4778206385919903,-2.846297378228223,-2.999145321723453
1.4231360104497937,2.6114466086297603,-0.2999688379510983,-0.881828723965532
1.941976756310788,2.1972753809357712,0.3621075744884741,-0.22324064237987348
2.7953602176019863,-0.4158622407495306,2.5419238282970045,2.245867530022256
-3.2159456290810224,-0.8269368534894636,-2.187310792997879,-1.6473627080364854
2.285543764039902,-1.503073374504574,2.735039735771338,2.67059251518293
2.59535085725897,1.2512186223229684,1.4355443180158225,0.9106290555919508
-3.0259367213565973,0.6321276001711733,-2.8543394362605423,-2.5616510000375943
2.6152427334993216,1.2827541766350354,1.4341554785377122,0.9018656372644528
-0.8380434714243326,2.898148409020669,-2.3280848097443605,-2.6628749228076605
-2.548234749903551,-2.142169545845491,-0.8935889834481399,-0.23867387579767188
-1.3557940287928754,2.709534728330211,-2.6489034891987537,-2.8882920372242813
2.841270549122343,-0.8737657524514727,2.838367031416722,2.6063334391845094
-0.015265406770620642,3.0004799732042873,-1.706797517326215,-2.1630480957181377
-3.1696007123277328,0.3780343856720672,-2.8294386234814124,-2.4794673513616026
-2.7623145956474495,1.5441688026375429,-3.151739907433379,-3.0322420080642445
-3.0972628208071096,0.7586325375811184,-2.984637467165475,-2.702093459456217
-1.944994530630057,2.3739225180617893,-2.9456907391800984,-3.0580385167886583
1.5140969717322614,2.5876605825269348,-0.2114649164273188,-0.8013925612482118
0.7436395976757182,2.905834720378377,-1.0270054591727433,-1.5664195387738407
-2.7572057360099214,1.4022593680525328,-3.067395289480782,-2.9268830340220022
2.365861664015583,1.783230363700353,0.9457422880686398,0.3691005318294862
-1.6738736903408038,-2.9887153338867885,0.3060480469009444,0.9777741180683506
2.0105828832332233,-2.2263040626979804,2.91647149275137,2.9978393640179046
0.6460422207251845,2.8907389328693993,-1.0990323274948688,-1.6235872309934727
2.7279901909684323,-0.09836318526666621,2.307047493950486,1.9711704991522834
-1.822149961467142,2.5284333105316485,-2.931546097178118,-3.08329113933396
-2.710434079503611,1.628203988947927,-3.1563709051904807,-3.0563796571320685
-0.7404288647119359,2.9100205232940133,-2.254223498256948,-2.603382704866687
1.771802165197108,-2.199279104678654,2.704137822863028,2.8120927174579413
-1.7388223189385197,2.475503325271882,-2.832886308298946,-2.98726656439287
-1.2582002624105204,2.73032777693413,-2.580096516403361,-2.835213825459626
-1.4705962425698176,-2.6226661227344326,0.2671332322849161,0.8568112486002564
1.824059292959742,2.2127128696636893,0.2560694305467096,-0.3164687068129109
2.604238777466877,1.2096179195230181,1.4663693588298197,0.946663846772187
-0.3811852427713613,2.997896028419512,-2.0073451852051427,-2.4161332920131606
-3.0252330069020488,1.106946532160832,-3.1218615718319067,-2.901774970392834
-1.9450631618279564,2.3073655865370903,-2.9081665125143283,-3.01034131238388
1.1124381461511048,2.7101874795771916,-0.6121521404301181,-1.1691263757971273
-2.185142571012765,-2.367373534721615,-0.46675633941697503,0.17584633446217618
1.3116925774545865,2.6820048409471156,-0.4317872470638963,-1.0100874891619327
-1.0441972940513702,2.8314582281760723,-2.4605747930449717,-2.7586630667574212
-1.8152053846407732,-2.5107597106173167,-0.08047207921628496,0.5364430008741261
-1.037908325666185,-3.0215823776179085,0.8494910410814511,1.4444328285599541
1.0947723952680144,2.7394200165651124,-0.6432382457865258,-1.2024043614237623
-0.05525526866068969,-2.8766777885931014,1.5786903205746998,2.0251056167999484
-2.625406782258611,1.5195211392823114,-3.024827895483857,-2.919176264479875
-0.4231589382898216,2.9847298997825,-2.034553415567263,-2.4359318447256406
0.5057225605646328,2.931584797405481,-1.2379064504770065,-1.7506499093936576
-1.9483890769160805,2.379037277656964,-2.9513803896350534,-3.0640726239104055
-2.784803926820697,1.502716720518868,-3.1468955472312965,-3.018174572393078
0.67670057651562,2.889865488068451,-1.0732357105336685,-1.601600777868699
1.5694048204839144,2.4874566890227983,-0.10923800479655353,-0.6909773386063376
-3.0970266576922767,0.6691895826806085,-2.9339392620530913,-2.637766474543681
-2.470493517464189,1.8406784518778847,-3.078311520159954,-3.0416313078580837
1.688290243529046,2.3453788421952293,0.06910555578355661,-0.5062286579235719
0.44959285539242266,2.9370086692524486,-1.2872948436250604,-1.7936466990864952
-2.1468463420118193,2.1309055594063127,-2.9750685314353302,-3.0243403325888267
1.7972434818844996,2.3347841797268933,0.16501074017896225,-0.4227200601035419
-2.1617576847390167,2.159125918905301,-3.0033098072418167,-3.0549732118862143
2.4314384519668306,1.7407311262481968,1.0238620212285727,0.4452754068174463
-3.251876429744053,0.36852054629665076,-2.8919717855109273,-2.5299645850781105
-2.586974194263752,-1.8811490086204667,-1.0729453083260654,-0.45290857882804314
0.9444388053361805,-2.5216264247431686,2.2032963635919613,2.4669009270082376
-2.997437278526369,-0.8465013557897489,-1.9959211201603786,-1.4810917592661483
-0.8381090626883273,2.88459489437391,-2.3204860545172195,-2.6531979243964114
-0.15561405831621447,3.00117542774121,-1.823024941121203,-2.261328831445785
2.138139620400771,1.9649952008939486,0.6551630279240827,0.08005494310461297
2.6990455052140696,0.8894013900850708,1.7254245809764404,1.2424256078839244
1.1358396980706873,2.719845096654405,-0.5982911069803084,-1.1597503079995322
-1.7365015237924653,2.4718753958900885,-2.82892239039056,-2.9830471336042117
2.503206204615677,1.1993418211735367,1.3887858997786695,0.8836453971458326
2.431904236863092,1.5975979865843413,1.1050655000969412,0.5482773518272228
-0.5142725214062643,2.9633596010243015,-2.0976861223672776,-2.484081175416991
1.6662807319455284,2.4860576293149603,-0.028492896306586236,-0.6224796171139593
-2.4717895955876914,1.7902210189689065,-3.0508908098760963,-3.0063383473541565
-2.851486315534442,-1.0345664575141351,-1.7692730481758316,-1.2444970979063676
2.570782712017789,1.1270730924144963,1.4853651918244595,0.9825688160039955
2.4444457877937737,1.6715445671165683,1.0736631086154145,0.5039691045602628
2.8322029933081265,0.17463742154007653,2.238910293385274,1.8479376096301352
-3.088545171479513,0.7929541400945377,-2.996821915231175,-2.7206406252923787
2.7074342851141813,0.94294568421778,1.7021147571183564,1.2098598015945539
-2.9641351369507305,0.8791609568332012,-2.9428179131092596,-2.695804304590602
2.573176322987196,1.3961659519829792,1.3353994664060582,0.7912010589969272
1.1131013204544642,-2.5689007878705805,2.36919265754376,2.6183217852393583
-3.1028303946427136,-0.477662585565356,-2.291167847960993,-1.8191085887637695
2.7238462030851758,-0.3399633024178196,2.440045000883438,2.1415966705909826
0.009613276539611157,2.9998066672912063,-1.685884076822108,-2.1452319500383887
2.575791855146445,-1.4159801855775065,2.9254153089094763,2.8103334780793707
2.43851732399709,1.3608085363438254,1.244224897290786,0.7227470883937605
1.2000220680103055,2.6658088207592754,-0.5148079347453507,-1.0762707685979
2.353469950691177,-1.3705641836944722,2.716281319553047,2.6228608700354474
-0.3286656424414809,3.0025753422574852,-1.9666410279113355,-2.3828992683740027
-2.582663987725382,1.7829791207271972,-3.13831031115352,-3.078390260437909
2.6052161270489322,1.2380232816121735,1.4511371263404051,0.9269680132745208
-3.0314358992656554,-0.7597379850807618,-2.072971676951531,-1.5670190588888242
-2.5395690483261784,-1.6788528038736363,-1.1480451824604712,-0.5649995102367498
2.4695412529661636,1.3664458281317127,1.2666469964050282,0.7403177222566051
0.29824319733020677,2.9726719586152317,-1.4323461146434142,-1.9246762991617445
-0.23662483378350815,2.993717503127074,-1.8856749583052927,-2.3124195945958457
2.749843602175862,0.5347983452907437,1.967573999854722,1.5321936368939992
-0.950107019258424,2.854641564314132,-2.396009034500258,-2.709740448410865
1.8703998877743055,2.2999866148247436,0.24503751053308206,-0.346789256157361
-2.0664158021771994,2.3624618119872802,-3.03943283757081,-3.1344121240244585
-3.154709610677431,0.515027714005523,-2.8945007186929987,-2.5673656194248697
1.739862262669536,2.4401291568103733,0.05816972791375391,-0.5382678014776324
2.860400574670823,0.38591955046867066,2.1428838976758104,1.7160185316677434
-0.5330176194763563,2.962766151201905,-2.112822032433945,-2.496715296165055
-2.853444517240334,1.2983546559728407,-3.088155569539666,-2.919396560521096
1.1090407018203896,2.70456772217756,-0.6117830185179219,-1.1674620308569663
-1.3794888997757393,2.7428346942565662,-2.6872622852362285,-2.9286883461991753
-1.481404722337738,2.697615053529683,-2.745844113533399,-2.9672551988630365
-2.63352161966672,1.6070057613519315,-3.080922893195391,-2.987587552649051
2.464843400165842,-0.9942351369741804,2.5957104302092904,2.4304935656803717
2.8274519178793884,0.8121779100345078,1.8750066233118394,1.3872839508857815
-2.5846366687570623,1.6865522284554475,-3.0854917161117053,-3.0105922220504313
-3.2487525275047333,-0.16379215999922772,-2.588827154632811,-2.145930379304074
-2.718328143998451,-1.3749624738880595,-1.4671708181717356,-0.9075397507290723
0.7384859827665124,2.8621425040026223,-1.0065884399803233,-1.5386672193164288
2.55445719466896,1.359034810735535,1.3409157225588915,0.8047955670403865
2.3558375988836846,1.5801263087914454,1.052150246029437,0.5078146292724556
-2.3813975810068024,-2.372289513384375,-0.6259568184182123,0.04264065949279694
1.108675061951396,2.7456571397854255,-0.6352856245125001,-1.1971925185994157
2.461459328104533,1.3502684126489621,1.2691111518710196,0.7462919585126304
0.9385294495028204,2.845419358970914,-0.8320428443792012,-1.387299143932685
-1.797649192050523,2.461372997621851,-2.873459638637859,-3.0181151649737616
-1.413116173761303,2.6779346800424824,-2.6783707675396267,-2.9055602731060337
2.685113461643915,-0.5546655200630299,2.5293074811234684,2.268629253314874
-0.4801793720083967,2.982281410431191,-2.080231889209395,-2.473901924717593
-3.2704856833535385,-0.0436742890729284,-2.674587953917984,-2.2472393011340883
-2.929310868863547,-1.2873953782300942,-1.690746476613921,-1.1173496201315558
0.79166675518284,2.862081069533453,-0.9626617659660983,-1.5015717479750585
-3.2929135595124106,0.0076621988555738655,-2.722085240398049,-2.299691495231282
2.8600098175667723,0.17385145823960713,2.2623040440454427,1.8678746262175865
1.532887867270562,2.5488752072266045,-0.17405625086237897,-0.7604778930425204
1.8186243336800072,-2.9862497995062833,3.1871389056961488,3.4092522576801905
-0.3715210399396882,2.997117071176222,-1.9989291420739328,-2.4088413873368184
0.21316663961866655,2.9897345498141994,-1.5121970914137808,-1.9961896614506445
1.557137001842572,2.558028412020107,-0.1592108646634559,-0.7501494655002083
2.2735165511145885,1.8018995460738383,0.8589851642169661,0.2913706204082089
-2.856623391686714,1.451015267920079,-3.176977873355478,-3.031123323496861
1.8173835007023385,2.2497254117661365,0.22966080811957248,-0.3476709485857174
1.3956832244640522,2.6068924997068508,-0.3200551566272819,-0.8976883463776008
-2.8634051996244727,-1.0799901833069563,-1.7534619628228367,-1.2202160780509916
2.2854464727449315,1.7724969064244054,0.8854333325975685,0.3207744394910988
2.639673035665743,0.7577861845328528,1.7507379025124663,1.2954753793569709
2.2230013601246394,-1.4792490875427724,2.6699690580610205,2.6099283053930797
-0.7279741676352168,2.9577590308690596,-2.270899382179982,-2.6289509430298637
-0.6412182266026042,2.9601635505387307,-2.200654308174373,-2.5702323936674416
2.1455202303964094,1.8712458545399906,0.714189371017708,0.1524487282325097
2.4215489679936826,1.7596997695735646,1.0049893762082713,0.4247780651558196
-2.394599591279193,1.9365170446638154,-3.069788100001498,-3.057505898564525
-2.6742859052449934,-1.7146165599936094,-1.2390380666907836,-0.6332023000281415
-3.0988339238458913,-0.10832247709611748,-2.496414530648491,-2.081272597169812
2.7131075097980966,-0.5613033655809989,2.556159975581891,2.2928945933984455
-3.0199568679870508,-0.6325854752595766,-2.1352933312564573,-1.650235168173603
-3.1076842785261376,-0.5720258709845656,-2.241892412323835,-1.7547982446789818
3.125525407684316,-2.0919622486443825,3.7608181725905623,3.6782563827656074
-1.751835438332776,2.4368710035196135,-2.821813049488904,-2.968619760669805
-2.8825641094113688,1.1828083590785496,-3.046946659180037,-2.8567965359021046
-0.23510713459789395,3.0007487488010027,-1.8883924870630615,-2.3164061103012608
-2.9050053798703375,-1.1682984765063649,-1.737933460073003,-1.1858507107348004
-0.1237020816822998,3.0023084392179387,-1.7973265966656735,-2.2399083159002977
2.0963026267601923,1.9101568331860104,0.6515975386313201,0.09024546602658377
1.76257022531981,2.293034978256109,0.1599670390319547,-0.41692810662181806
-1.3671995722209198,2.698273119887188,-2.6519581079516428,-2.8881597724444217
-3.1369550193166904,0.6331809067069933,-2.94656153308129,-2.63975378894575
0.8706624192234194,2.8402790889676712,-0.8851535067783948,-1.430895155276115
2.6067854310477383,1.2989863212459023,1.4180100073367718,0.8843291500984894
-1.8002074481523955,2.5245674613651765,-2.9112533368236986,-3.0652304526415683
-1.7650898203120633,2.4340876622318284,-2.831180770280989,-2.9758575306971795
-0.29343938940653813,2.998223889068849,-1.935110531410483,-2.3552353600902642
1.8632196981467763,-2.279928161745888,2.8251258516929894,2.9336380183284247
1.3802280529185746,2.6450829078384044,-0.3543747866456694,-0.9358521899745551
-0.8770959618788047,2.892136342938684,-2.3569215531046104,-2.685770262701205
-3.0420531254983003,-0.08638903909755126,-2.4619358662107866,-2.0574471193415955
0.7555016355508871,2.9021387785908854,-1.0151284111365457,-1.5555038710468134
-2.6371662917546956,1.5154885441911072,-3.0322564630183457,-2.924476386993622
-1.3760067169834198,2.7677618868436418,-2.698463267437263,-2.9441439595159573
2.6990060977238697,0.06691764005470868,2.1898013155156515,1.8324118801712639
-3.0338568763088416,0.7148066865261447,-2.907560346035745,-2.626479371318639
-3.138791970196979,0.5621003801047022,-2.9079425497146927,-2.590043556246289
0.2925034161904376,2.975602846053941,-1.4387382639724877,-1.930777733147905
1.5753266719131895,2.4906225243370006,-0.10613805498794171,-0.6891225762292325
2.188328244427618,1.9941379008632734,0.6801302806046624,0.09411600086876684
-2.805283160186231,-1.2089076448040972,-1.6326994993397173,-1.087242336985151
1.7111187454285126,2.3674250399280266,0.075498511819417,-0.5061388617106664
2.9020235673744925,0.2483963170066667,2.254888294644543,1.8436706791116635
1.1407812380954012,2.706163240362972,-0.5864873208283804,-1.1464927409643353
2.8221545824576286,0.737300433371293,1.9129135473488348,1.437307075711323
1.5974550905801441,2.4746438267372555,-0.0788524316261203,-0.6622431424289031
-2.642024978184151,-1.5067728448722353,-1.3297693640032127,-0.7598238506925958
0.9806990944579494,2.8016712028047523,-0.7725366674255028,-1.3265362630702378
0.822134029476845,2.862150156065912,-0.9375550485925999,-1.4803945532037643
0.3889281462956956,2.9641284542257025,-1.3526765710759645,-1.8553667518692276
-0.09516659455300154,2.9997885697668947,-1.7723524175295968,-2.2182198068638472
-1.6982547275385054,2.475621438333035,-2.7994711219564006,-2.9590875804062593
-1.205231247871117,2.8320940937438577,-2.59384088704907,-2.871312644854384
-3.134271557747968,0.6241151488856229,-2.939227864757923,-2.6313808266747647
2.3668659734760107,1.807659619465068,0.9327773850365325,0.3522757655498667
0.8413852263181507,2.860935611484359,-0.9209805667532569,-1.4661108542482169
2.360195670815164,-1.19822286878576,2.6245210695890804,2.5039166324076234
1.352037748202318,2.663348778065485,-0.3879549352668839,-0.9685956976718888
0.005682719577031032,2.9997725351478337,-1.6891088330119002,-2.1479459105447454
-1.9168889131414697,2.319765731352499,-2.891914950089078,-2.9996074437045586
-1.391795060454242,2.6794342459923586,-2.661620412004742,-2.891781433182103
-0.34099415365037505,2.9897639482062712,-1.9695823300661337,-2.3822982932939487
2.6856850882142296,-0.4027658853151031,2.4440102794185057,2.1600613811898155
0.6329743303260653,2.926928986151498,-1.1302521640505003,-1.6586528730634436
-2.848140109283931,1.3815211984744578,-3.130737014999063,-2.975360969731345
-3.0828183899612682,0.16637754008704334,-2.6383036372856776,-2.267172197755161
-3.1567236526687092,-0.17600899142591464,-2.505974304716761,-2.0730494263167185
-2.0380261984946926,-2.7549663633183115,-0.12648458423247558,0.5563853746331472
-0.27464613003626825,3.0031290750575965,-1.9223694614811135,-2.345660735242519
2.1315048505174365,2.0887034008515415,0.5798362120393333,-0.013310376321875664
1.2347447264314568,-3.453912509293032,2.969304500183061,3.3379401112112372
-2.413471283188174,1.8057084023650096,-3.011503464118539,-2.9768175566388995
-3.050446723304554,-0.5307534075406873,-2.2179564053311607,-1.7445275089673709
-3.0153598522688876,-0.8277886281243811,-2.0212792594138653,-1.507002225809426
-0.8692890062055239,-3.291154023181342,1.1408701715022769,1.7552899016324863
2.187671887751718,1.9373462652887454,0.7116555356429091,0.13439853846047659
1.8868579274896446,2.16603053865719,0.33425820703529036,-0.23922862231318678
-2.3377562867869015,1.9148804212057302,-3.0106563397495645,-3.0023816233191245
2.3987778713072747,1.7137072277472474,1.0121649216969635,0.4419063193302664
-3.04414583069326,0.6622527379986445,-2.886377995046144,-2.5959478597934074
2.7516917882084577,-2.1825036181633797,3.5034034752163246,3.4827543948000788
2.697472574846945,0.19337366723380328,2.1171332005069337,1.7406294631660941
-2.559686076959538,1.8240096039683533,-3.142513376584132,-3.091814862906159
2.7253628070445663,0.15663196501846788,2.1608979280633416,1.7864176589376146
-1.9379877639350855,2.37465843350019,-2.9403233341947237,-3.0536847688435653
2.213246836134333,1.8447644042874596,0.7850391023798391,0.2186309384859377
2.676450655231243,1.0111121751568697,1.63805316785028,1.1393736513047783
2.151215027833462,2.021201741435506,0.6342180272853737,0.04884456298453929
-2.878860705961134,1.0839198073388443,-2.988053431971418,-2.783278044960196
2.7484778423002867,0.6377905462333128,1.908293018507384,1.4573600201640295
-1.624597097019877,2.540111453383446,-2.7750926577868658,-2.954032120127931
0.79739298735938,2.8481566995422734,-0.9500734118992707,-1.4875935119732724
-2.378839853438758,-1.9354479782189011,-0.8705051196605865,-0.26894829055871533
2.5829354351867657,1.3342892182684052,1.3783922412444658,0.8423879497587566
2.575243269956204,1.0074474565247693,1.556592364083631,1.071490695180345
2.3404807600059647,1.5696143073353428,1.0454112224737304,0.5046562648640652
-2.9525477423155277,1.1969868570236497,-3.112712426025351,-2.9157256343516447
-3.2337856131572087,-0.32857229323108716,-2.483432565182096,-2.0172967974268206
-0.9425562433265651,2.894903782826441,-2.412510868848653,-2.733362119841294
-0.0027053013632144587,3.000083171718777,-1.6962071640342375,-2.154012738048182
-3.0097853511958257,-0.9440649509428122,-1.9510238746294373,-1.4197069051093612
1.5077370959168879,2.547901843366493,-0.19426447562552934,-0.777302355696169
-1.8506454325832666,2.4746760178772758,-2.9247107736665,-3.064581003930689
2.487682065766475,-1.0868654323928522,2.6668629934430164,2.512854323857275
1.0518972820412655,2.7448748335591895,-0.6817046250852997,-1.236188786668301
-2.2009293026620265,2.208506806956831,-3.06352208537517,-3.117688021726951
1.8896724327691288,2.3266578650728595,0.24588410759862447,-0.35249472857066355
-3.13343094897595,-1.258179467954747,-1.875710592289263,-1.2805196606455418
0.9410136739395935,2.830202278973893,-0.8214003157887353,-1.3746523030784925
2.6950291984791326,0.3888011917786845,2.004769914141458,1.5987360213954922
-0.36660577180171544,2.980538412319029,-1.9855113812801342,-2.3935240851366997
1.1608539205736261,2.751167376101243,-0.5953318676085912,-1.1647919592946783
-2.321336676811292,1.9801927807775188,-3.0339827831056483,-3.037794189834096
-2.9087852304641495,1.3170141253691403,-3.1443661600699495,-2.971338290748574
-2.7318798638626505,1.661097121133983,-3.1926437343269134,-3.0949171677046547
-2.4608778501319897,1.863418582390573,-3.083215410987576,-3.0512447790440165
2.4214424685891083,-1.5636767017008102,2.8814209892199374,2.8087482203269465
-1.8189023874688783,-2.9606275396575485,0.1704911363713865,0.8565827014610652
-2.9840271947902655,1.082990196444867,-3.074326182902631,-2.8558813812889743
-0.8938014763562199,2.904851749755945,-2.377888867923733,-2.7065305812493436
-0.5289252154415033,2.9645275885584184,-2.110439007979093,-2.495127668633046
0.45644994788558396,2.9530645481048743,-1.2907012721234898,-1.8003870992294273
-0.03152661565931193,3.001622234171297,-1.7208634412212123,-2.1751967969150656
2.542978786257859,1.4637297261486713,1.2723269873039735,0.721694947629922
-3.181813425425733,0.043733915641709836,-2.650757966300802,-2.2481635521494616
-2.261147705570904,-2.2493156653933433,-0.5961465712250743,0.03820351562942927
0.6402920147486229,2.9072275799956038,-1.1130883677766696,-1.6394216695241457
2.24710363710124,1.861462484327483,0.803553880809989,0.23024072945357457
2.6586834686969123,0.7833072053509703,1.7520176376296375,1.2904124158675314
-2.477111734822903,1.930935969646088,-3.1347369987284486,-3.1109890444163106
-1.5928440220107996,2.5746093624594555,-2.7683646988066104,-2.9566568249256755
0.45939339252336303,2.948955517886755,-1.2859518094478013,-1.7953887437470373
-2.992840407789229,1.1372394552540797,-3.112231477146342,-2.9009376421498314
-2.017532860622921,2.3658326089718478,-3.0009913000911945,-3.1027731124190323
-0.5393333791197096,2.960493012721307,-2.116751143268759,-2.4994848785486874
-1.0745550264087365,2.826880644529438,-2.4830454125949943,-2.776529745060848
0.7434566763447956,2.8883584514075014,-1.0172885869244481,-1.554010273299921
1.4915270712957747,2.558649973354653,-0.21371203696478303,-0.7963062251211679
2.31510552631498,1.702051389359429,0.9496885368086034,0.3919726218493658
-0.7925032657486513,-3.0490210281147205,1.067525604593577,1.6350914633721942
1.2914670458065045,2.687741843828969,-0.45171945416062503,-1.02829422672207
2.9153716013026263,0.6427308856952693,2.0432468562249575,1.5700920392049829
-2.5125529087803264,1.9121020058208975,-3.1533534059116315,-3.122170489433806
1.8595246128482863,-2.2445402763775726,2.8020946630734307,2.905677912496341
0.11958540587612893,2.9954669217781604,-1.592669757192835,-2.065500486811705
-2.360190118779645,2.0854661741066676,-3.125491741716015,-3.1403821534490044
-3.2642838618387846,-0.00738355313809977,-2.689960660644112,-2.26895183094066
-3.2576692273429204,-0.650575589690445,-2.3213278248281592,-1.8029456456686186
2.5673512471813167,-0.6197514844495535,2.468864431351362,2.233273341375944
-0.7747083374591955,2.9158369808225735,-2.2857997869409097,-2.6314379147581572
2.2414597206730367,-1.5329856180669434,2.715545327921293,2.661336596506019
2.657876902970232,0.9333781356241325,1.6666155289555102,1.182196180215813
1.7788944561492048,2.332365178451253,0.15123250660415233,-0.43376866414433085
-1.4370975117960276,2.637012788548132,-2.6750571818835,-2.892912664099347
2.9312396463085135,-0.2850317295645264,2.5801974967110444,2.2466835755902923
-3.069047396363981,-1.3680508672985923,-1.7605344946233128,-1.156846290034214
-0.21625786310217546,2.9987891327301526,-1.871729029517394,-2.301867953859639
-0.44263517680668923,2.975527643677233,-2.045431864211618,-2.4428997763060574
-2.3314600386897224,2.1209357144381795,-3.1218073923815646,-3.1458100046884905
-0.16928198376270479,2.996311201650771,-1.8315590181232644,-2.2673619845937236
-3.2362017392317637,-0.18449059614271238,-2.5667813258964722,-2.122338011667077
1.5477716797515186,2.5668424829577963,-0.1719171973452388,-0.7629971757090144
-0.7872714631589467,2.903810688327224,-2.2893780264751555,-2.6315635945510683
-0.7582206869777207,2.952657904038443,-2.292982598949664,-2.646364571587791
0.8390540809801603,2.8680118059835196,-0.9269000639884613,-1.4728111300700206
-3.2031215143968716,0.24310876150226376,-2.7809197971138038,-2.4060318007492425
0.4212381599690827,-3.22349490434421,2.1677849915467133,2.605873155898408
1.244842509008428,2.7117943674730034,-0.5037814213505045,-1.0780320786670465
0.9064871017452566,2.846329796807775,-0.8590026070409171,-1.410276370726271
1.9773163132989278,2.247879674418675,0.36270123604932125,-0.23492063407650834
0.4639004491139844,2.9427364485225325,-1.2787204244171189,-1.7877873598927931
-2.0647934923888935,2.330341620123186,-3.019957462944039,-3.1102402346357367
0.24261707879231825,2.97517734793964,-1.4796709806168724,-1.965228645453971
2.981538369002019,0.2757206548869063,2.3050862106156393,1.8794678946897838
2.679841182432159,-0.5005913544069482,2.494423510675435,2.2261655889207916
-0.8419419824862491,2.8807903674245994,-2.3215013022287807,-2.653139144755934
1.751397540442504,2.3625205028516767,0.11151134581575835,-0.4745580554352379
