-1.0513637420520938,1.6648096057038395,-2.3436179910250896
1.1586453773895415,2.0151333423807887,-2.082605836854635
-0.7825468305536037,-2.1282474882466276,1.8804204112789038
0.3703162937715255,-0.08854073943028798,2.7415029695212048
-2.3593818947876612,0.9543579037204953,-1.7794063875509825
-1.3414477741585635,0.39546718003266673,2.4952388913509846
-0.17257340346447528,0.36607110645932484,-3.0396622162597344
-2.5834435424506252,-1.5095491494854734,0.20502200982170926
-0.14893694377952507,0.5947783176355541,2.720261354534047
-2.6188303467991467,1.4554416849520815,-0.24422717306809957
-0.6531179872686728,1.7764827687886533,2.154626415720717
-0.03950803767830006,2.7825550958800376,1.032894287548993
-1.808290469799171,-1.6212882259102819,0.3379416680159723
-1.7063156051572475,0.5472944492664759,2.225005035865991
-2.56584860880829,0.1218658667504867,1.5093922918202396
-1.8167194332439398,-1.2687498741145244,-2.190691201913862
2.943423569606703,-0.10823411144106007,-0.6358067889652985
0.6838039631295356,-0.23453365808253107,2.794747524082196
0.31635638337715644,-0.20750630410789989,2.6621774083839496
-2.1088837717091082,-2.1107824361442797,0.21261442120266486
1.8107145293336568,1.1440206926696912,1.989585716021699
0.12894895986576338,0.13144441794181555,2.941669119177708
0.8506032902580586,-2.837755976491527,-0.5587016473707948
0.9291726431132417,-0.3004778494340487,2.566733325955097
-2.709313475896247,0.9112889072034055,-1.1205447474977348
-2.451165987519111,0.2084188087924356,1.5350617581748596
2.4536625829090415,1.3234052485718404,1.0559785174750589
-2.029873720513542,1.2843625466559263,-1.843920918441742
-0.7139819437027815,0.36597676743890556,2.7974612852825484
-3.005448393155895,-0.009075875174778212,-0.14634180142665704
-1.3392875774689375,-1.0576486047836606,2.2555886140315673
2.515894068828245,1.376573677988765,0.8111784949706904
0.14459844615078674,-0.05128532149910441,-2.9970082783884915
-1.2374376443169426,1.4741096558006814,1.9848322254746784
0.11281973041774422,-0.23771738526720063,-3.2301081497166284
0.8502633359911025,0.48699180354226645,2.4350582120542357
-0.4506904409660498,-0.5768429760843098,2.8141674244156016
1.452139760893801,1.9941696332209085,1.6771509742927324
-1.8442602981418292,2.368931247411236,-0.22560264766723762
-1.182516740250504,-1.6679398108537509,1.5490885731759712
2.198304551930289,-1.0514080940879629,1.4001617496735896
2.8819554614050187,0.49816572351697713,0.5070099355472973
-2.1168015619158567,0.8759714239771075,1.035729310849975
-0.09434093637783929,0.13499114494166667,-3.0436307564610314
2.9178611694192056,0.4294022174639738,-0.7656401840508242
-0.2849651185342211,2.4928841126664323,1.481481450975648
-0.07050071441447757,0.39253171382051244,-3.1755046456362246
2.4354942513828512,0.20267837084934204,-1.7919381670342367
1.252447085956146,1.265774701628307,2.2279394003876196
1.2133858563163051,-0.6871983887267717,2.1704341164978103
0.5150132649766013,-1.147117307699033,-2.755244257885333
1.63184756112623,2.4997992251118477,0.2529180703953006
-0.16892342692254364,-2.7527228872972658,-1.3808667678412296
-1.4844681860713207,-1.2301622018631748,2.2928279924510933
-2.540827938912534,-0.9910720040792061,1.2149157880585348
1.652245399096802,0.18658385257616178,2.292160787931574
2.7995391460375925,-0.813551570208342,0.5393377354653268
0.13342898686503676,1.963938187242372,-2.2726590044692356
-2.6153987578644555,0.32310148407228434,1.3575477881917526
-0.5679029518608666,2.873749768719835,-0.8439105466119325
-0.12897317556966262,-1.2633552478587013,-2.87750828988634
0.09137978757792192,2.322158255185766,1.1431694421039225
2.7946511208284144,0.4563753159335988,0.869548136329563
1.2517488878258491,1.9504053326673572,1.8514591880092799
-1.7110150445792323,-1.9683921322460165,-1.4914481969952598
-1.7107994784971834,2.4707637633802335,-0.16981415334295302
0.9292356635350347,1.1517593175304128,-2.6290273441406233
-0.4904470191210154,-0.06455404690550853,2.9044720214094375
0.9197868728614063,2.6164428241534385,1.1077329518309407
-2.3049339820057213,0.5344470794118364,1.8019574299367263
-1.3940796800801882,-1.6556065238014297,1.8860180723035063
-1.1206015449042752,-1.4886620994803765,2.2235619064841843
3.2366104728290637,0.1506425074913749,-0.049354426109804596
-0.45816819826494193,0.9639482016199384,-2.8418942643343916
2.838637119029149,0.2524594965459242,0.7657089866490553
-0.08747727086973738,-2.153460993297961,-2.264737296240363
-1.8955698932687088,-1.4005545110442708,-2.069088845869487
-0.011032987690792218,0.001510943311181357,2.7488362496457865
2.229872758129235,-1.0246254691639929,1.5861050470554166
-0.059323794317870174,-0.9839307743998452,-2.8338443117895458
0.6662681505067033,-1.5104728440570985,2.3891790416455385
2.9987746411764946,0.1289038221041279,-0.030386990035517134
-2.6401569163359535,-0.812575103485845,1.0105959444306576
1.7765786761439057,1.5383268313230316,-2.044758336558429
-1.7715973715296676,0.5037164189393459,2.333269865540197
-1.3055819538755815,-1.7098566713188597,2.068187885631881
-0.31536543645885917,-0.7178619287248785,2.5431700099737298
-2.0087881046216993,1.1480610689598538,1.8116854970194665
-1.1607009896264269,-1.6794531048066617,1.8246733111991873
0.03957389973307562,-2.6536463886217256,1.3570791949242353
-2.3845160054158896,0.27829406201635826,-1.9245200947529966
0.3999919131819283,-2.088952943151834,-2.2942862138700475
-2.3339385450889796,-1.8345166234475256,0.28665869119733806
0.8535190305944117,0.47047034998752096,2.7757978084350574
0.017349123712455276,-0.15320392950481404,2.9300275787380556
-0.10075470150718681,0.3723018737152978,2.711214018757444
-1.0032704350179589,1.7018801772086956,2.197250452540267
2.2911468179357066,0.5215573563565497,-2.027954411961729
-0.2664787536821687,-1.933060912009129,2.2612323151817613
1.571773130999433,0.024873234394692686,2.43046735669959
-2.5042680245123217,0.38058506078604415,1.435759413081711
-2.1361464412455433,0.1251785244825015,2.095086010493376
0.14925482382202251,0.41932762755924724,-3.3032872174010177
1.561276009691007,1.9570389373378456,1.4836257426450379
3.045491588046515,-0.023832716136114627,-1.5454216738286966
1.1036763219596133,3.0649663880252884,-0.49560529404120324
2.3514246182737293,0.14245335282659038,-2.052041818937789
2.735530315667945,0.6973109312590022,0.9247835077133053
-2.077001446155706,-0.11272642572691145,1.4947296980041493
-0.3600760540921111,-3.2622198622788585,-0.4855363248184909
2.0619844374328378,-0.2933559557432134,-2.2286031355238998
2.5427963223166645,-1.58973727074931,-0.09886246922388424
-0.9282312635098958,-2.8535961494176174,-0.1480904571758131
0.7267582678115995,1.1994989184844334,2.308546431027964
-0.27278259049185616,-0.6718376946623483,-3.114487820446787
1.1367429451954252,0.711268097218924,-2.8565154181578145
0.7938412262320033,1.8255301557837922,-2.303536964864243
1.0455692425756207,2.3650958503402184,-1.5368067691773648
0.6113555818025741,1.2560112897720883,2.4690334931529194
1.124829112110298,-0.46426772988233905,-2.9789859255897526
1.7451402246848202,0.15148744012030368,-2.475198393964325
-1.2490371521008738,1.8999633124821873,1.846427342236012
-0.030006640450272567,2.5675472317854764,-1.6526220251286732
-0.6832333662612141,-1.2722580145857154,2.479599073208617
1.2846947632276633,-1.4635095165885261,-2.3993110550039445
1.3964341114733614,2.1728320667644487,1.4733595135176794
-2.5805528402502693,-1.3432965033938222,0.7303593740739548
-2.1248719542859074,0.5985906184696581,1.7486317606387947
0.07690693322223195,2.6068809764260283,1.4223064970377208
2.2827238913267167,-0.8256197655126402,-1.8552845776496092
-2.972586870725471,-0.2537205177530189,0.19993656655949263
-0.514680382299526,0.10808638712167501,-2.977360856286529
-1.4323950063842015,0.4543259651929043,-2.815997798958662
-1.2431330422249438,-0.20784587938950755,2.593931720195486
1.094094908035599,3.2686127449113616,0.9505851623038956
-0.7853512602977246,2.711200040028409,0.9742644885621712
-1.2623410019987036,1.3979256311912684,2.3117488942733315
0.19806607707712992,1.0173119660517664,2.5714054338729606
2.4474911111790183,1.7193766615554074,0.13621445581343128
1.7709948395266595,1.5198104392218859,1.6938203154399507
2.3777340906098288,0.5660606008972959,1.681620950801195
2.1146156779596237,0.9673700292378546,1.7616929567536326
-0.18354417877043938,0.3014446336787095,-3.2385043849169737
1.3020764673191867,-1.841724750779974,-2.0586513894967475
1.84493292338618,1.9157133019881103,-1.5916654985624632
-0.738601443519739,2.7843421118826996,-1.0000342236351047
-2.3221194256287156,0.8217298445446107,0.9785944821779494
-1.2426177068372979,0.3764284730079436,2.534866715568914
-1.2927872666805158,-1.1538233745939692,2.4182954308421025
0.6366417558075684,1.1372387026830217,2.5116493794758172
2.615047996350499,1.1954330006042495,-0.9393692522557647
-2.100245175091808,-2.0851278754650213,0.42230002444917236
-2.1030832445108962,0.02224588802809865,2.0144122304307395
-2.3690893700186795,1.6740203575966404,-0.9113828132121178
-0.48423936603169976,-2.960587383796163,0.0015563649104524447
1.1682060032162003,-2.49267835076685,1.1802292379351176
-0.37878670034303613,-0.018588908918646875,-3.0798018761413233
-1.453449647037833,-0.14802957730596505,2.459234327582311
-2.037764040541876,2.197831738757369,0.12942203942639494
0.011149418826179126,2.9837127162543835,-0.42765162552491454
0.16216851124939363,2.7778195450300376,-1.2558036544086486
-0.14360763283989328,-0.04717189839495273,2.7712588256136477
0.9447180474017488,-2.5875187296058253,-1.23237889162252
-1.2580782865350613,-1.9509233199714895,-2.088123559589858
-0.4966276477940753,-0.6947397762274529,-2.9718274288815887
2.0834364998470027,-1.9384990605955652,-1.0925094306902192
-1.8668974408942312,0.20716658477873778,2.324868515138543
0.32845853838665223,0.24697443590745402,2.882738935131111
-2.0284678974225443,0.318363104401285,2.08954484804516
-2.0271830314141845,-0.9603144099430615,1.811917052715446
2.154037104283619,-2.456384799015544,-1.0830364027980621
0.1513760551850956,0.20280178399721555,-3.0458539239106335
-0.4079155060373609,-2.5617386350783793,1.35623286687653
-1.5495620046625376,1.4080017628354689,2.1115066573644574
-1.659043018739654,-0.5337674951283228,-2.6119290602027627
-0.011781790850826191,0.610880740606009,2.7910511338277453
0.8072402975125759,0.460227498070667,-2.8676528334828437
-1.1965721178964188,2.1921212451145053,0.8566451374260344
-0.5851345909794017,2.3856012052398423,-1.7382661162382347
-0.16112260304188306,2.549648717939114,1.392230210855657
-2.119808449000328,0.4515054892646457,1.9155363281354258
0.4161715023693424,0.015430460442679924,2.7993612074846608
-0.5659998547770906,0.535095432573603,-3.029125367873299
1.138745025172441,0.9963726894622055,2.300803699674617
-1.196213555728457,-0.22470095535686524,2.524652428352546
-0.31783777532926455,0.5427499629324165,-3.0108029819332462
-1.0204235581393677,0.8368035880401344,2.6904867962760326
-0.8982710221025633,2.771492674811164,-0.842461784701655
0.346856360892776,2.169791759536129,-2.613863887935595
-1.1787588883794589,2.4537524543736597,-1.3621315356823933
-0.7577871326630795,-0.37612063861865797,2.75096794173382
-2.994268289626578,-0.18595527061655448,-0.015263153034737569
-0.18820812047138322,-0.30216406409386815,-2.9847304602391174
0.23708603549308258,-1.4526684500605078,-2.6330144466540784
-0.1830296434974265,-0.7041755308471808,-2.9704578686708563
-2.4143857540746123,-0.035198722728427445,-1.9783569448736598
2.504984158359012,0.2868188120359289,1.4752977570979726
2.879243294198092,0.188310829894107,0.7384087548906219
-1.263233756471555,0.6538877527101683,-2.7968813688927017
0.5086369810623114,1.6345987415857457,2.271234590979799
-1.081584523822657,2.7997711109076793,-1.6809911151723442
-2.0877843273973147,-0.005116998141556665,1.8854908952422413
1.8972335720677302,-2.2076382907696597,0.6505411691934814
-0.05346183063008335,0.08320199150144325,2.7428120531154256
2.2737705362665164,-1.0074544909353673,-1.7922655607758369
0.36617061386692007,-1.593316766428803,-2.721499942737585
2.7527377353220572,0.9912205292941177,-0.7444341390866561
1.3659222664888837,-1.7200118066978558,1.7694847472570874
0.6857268230671852,2.3869448878101847,-1.744432901685869
2.4886719339515015,1.2248033125354167,-1.2782054492894295
-3.023479485977027,-0.2471954839554358,-1.7009993841868574
2.195519570493217,-0.5632710207831628,1.868500448548453
-1.1143313279056097,-0.4889652471130787,2.6198951977654077
2.0677272899469417,-2.1728279220171545,-0.38138234465018195
0.8728019845488637,-0.5746896858604581,-2.8559707403965278
1.6720703885918793,1.7184215876019062,-2.021182831724367
2.269002554678457,-1.572195778723891,1.1330757103165057
2.3635737518322957,-0.5659923420746635,-2.2433144821488846
1.4453679447343672,2.2310575921223625,1.3001127875960699
-0.049848622574605796,2.822720731903896,-1.041137353378828
-0.8559779223594121,-2.386703289982816,-1.8331333086611252
1.636920259448614,-2.3554253938184395,-0.9852795557752196
-1.5261124573483402,-2.2936703850713656,1.1009927837714921
-0.8559727298323101,-2.3424638388542545,-0.04790398004600437
0.8622497991777104,1.354650305437532,-2.774455845320963
-2.9772316046334555,-0.32918211618609056,-0.42466808419375934
-0.27499801577985766,-2.9250946834060914,0.5068280268336706
-2.2870489257731075,-0.6952705790752483,-1.9576918271688328
0.13183210147390514,-1.5092918357666412,-2.80763833078123
-0.9852183297902438,-2.7247878218150006,0.6784728465006926
-2.4600876539976944,-0.35202897558703733,1.5679475809500083
-0.4998203755793167,-0.47172517845238715,-3.1807201267982532
-1.7119082978416378,0.7499391478992792,-2.508461800750724
1.7734309696009218,-1.6059722717351719,1.7222320700291776
2.788241250702752,-0.9583837285667036,0.45132951229440665
1.191654906373283,1.8126984335760716,-2.1855406661876855
-1.9394451160630357,1.256966048255656,1.7790500805992595
-1.2855546714514061,1.7246338395491154,-2.153671128771107
1.569229338363807,0.5203047814735393,2.309229597883742
0.33236237081604464,-0.1433659962760233,-3.194028077857014
1.7473620917651471,-0.5495638393443844,-2.5190351843193515
2.581240757780975,0.8761444288132709,1.0209398007849617
0.3231286755725421,-0.8072934692372944,-3.0790878795724526
2.662404518544427,1.2256881949240548,-0.8515893465776471
-2.9974094556145174,-0.048410993715864735,-0.15543905816342665
-1.7663504618468941,-0.9767639786354516,2.196283378011459
-0.6361918603289252,-0.690488697614544,2.849227900008031
-1.393093168035687,-2.312247341338112,1.1273353061840505
1.216260922836501,2.2231563341155387,-1.7802217312063533
1.20813807086526,-0.016522944538255466,2.5218011062922625
-1.5373385866648674,0.43456591244078685,2.4318747638090095
0.5062664303739491,2.921030796775265,-0.5144840809653088
2.23677182156739,0.8985437538396435,1.61564082748813
-0.28538880911179393,1.7750176695926847,-2.4822730971404297
-0.956700060229833,-0.5816450627884114,-3.0859576514523868
0.5969848994352303,-1.029522970840333,2.7145148546130273
0.5140004935226126,1.5555222767507164,2.395748642563788
-0.17559419390945963,-0.042843367656772456,2.931258754117508
-0.16812927913515474,-0.7543872471537013,-3.0104173522130178
-0.9518411288642942,-0.23432974423320085,2.8145764358547494
-0.5667443422860253,0.7049101132599587,-3.0495244332198705
-0.719323782452905,1.1751143313856933,2.539318991703729
1.5766317785694657,-1.7545025648406556,1.0220749905375512
0.3994626723827395,-0.2738768783423882,-3.1461639502965526
-0.005183950569535712,0.3605223169919935,2.8888672683795895
-0.5178404262393966,2.954644839557537,0.009612873145513363
-0.8708361512931834,-1.1416040388146076,2.6119052155296676
1.385650987464792,-0.20142547883127873,2.5091314688078907
2.2115310277211404,-1.5064840721607633,1.204558161449816
0.7955055490276736,1.2362250068665916,2.5243224893878167
2.778039743300996,-1.0881189430186,-0.32658194992569434
-0.38259615155207793,-1.7433809044614934,-2.5854012729324087
-1.198880227821784,-0.09599668510596965,2.5309207305775745
0.4153407613229718,-0.6143468820096714,-2.958954386456936
-1.4579740675144832,-1.0998786772059617,-2.762630270042809
0.7195575002532442,-1.2415992034773087,2.5935044997464685
-2.163079212986287,-2.0378769517705684,0.29816008560480767
1.0410750141130778,2.814870784149373,-0.2372180088385967
-0.10172560925528773,-0.5399485295096711,2.8251669118234157
1.9309712381961073,2.158696509962551,-0.9639759890862099
-0.14133276870719283,2.272342638471893,1.8514900465144803
2.2794929051499997,-0.5118236853178911,-2.0434862856566514
-0.15915517652291924,-0.46226668376847185,-2.9946542595189647
2.3159150866312808,0.3683370221937279,1.6720499182912467
-0.3015162368483159,0.2319353529205175,2.8195085723205486
-0.7441583678275925,2.8842573823009903,-0.5358859755210402
-1.0915459758182002,-0.6917598323057902,-2.8401081969544846
2.7087644667820863,-0.2091962211517584,1.1140692044073202
0.054520739749518925,-2.6886254405707994,-1.3525027422368279
0.3750427520488262,-2.6097177616259066,-1.4478589667517745
-1.4126679209559418,0.8232493274266354,-2.679470612783514
-0.7149782753949251,0.7102976835672724,2.498541277280253
0.12430056038582417,0.799053040574958,2.8152165578460027
-1.5876902066821879,0.6949318754492526,-2.6559952710185555
-0.03025945509572476,0.159023366001247,-3.2107601108491624
-1.160526056968715,-1.0036780372339817,-3.0334149447677294
2.008055039892366,-2.0426096049805165,0.7390572746469257
-1.3503224014346695,0.06537549813007076,2.54105412447169
0.7858074424789646,-1.3624828562327498,2.34498720905807
-0.2631893759708881,2.3872101282680576,-2.4108954790841737
-2.7189523628517414,-0.12848966848688684,1.0991171183119046
1.151824425386081,-0.8327862811804856,2.5910347185415654
2.6302412252807374,1.0327050465677328,0.9320292177105837
-1.8117326935022344,1.7025696473854892,-1.8157709173922782
-0.6220386161725184,2.598759101047564,-1.4100730708732643
0.08153941398800511,0.5733760707821984,2.8036170686475743
-1.7759037661646393,-2.382447356536115,-0.47844554442954346
-0.026316769962536908,0.03408383910979356,-3.224587158239212
1.2099308206650377,0.023730902145847808,-2.75357921415993
-2.6154357385840092,-1.114909046139564,0.7864315062998106
0.006807100488581532,-0.003007626989473885,-3.1982539373309553
-0.16680009521763225,0.05882522576055653,2.909652705282724
0.20300202452747798,2.5286499852376423,1.5256171320632435
1.403620099730089,2.668616332838079,1.8362783646143697
1.1511262364253319,-2.749536262572337,-0.3694957360816944
1.1361686428428253,2.765467584875671,0.21316875576578811
2.3788552667543046,0.7486951405641026,1.5180954727036373
-1.7097754983608353,-0.5520574000147956,2.266945133998802
1.2379233587858445,-0.6143868345528498,-2.7207535902856472
0.6364742652379874,-2.238215215694461,1.8797692512271906
-2.393160575946022,0.9923245343366581,1.3870346177170507
-0.5975661691153747,-0.8926497779827869,-2.8480576287099515
-1.5227577915297705,-0.9851029356758985,2.338470895559821
0.791437320550278,-0.08775030905068919,2.7737871647380934
-0.14244508950648696,1.5947707825577466,2.406147423691902
2.834181552674353,-0.8497675787843767,-0.7282383840059208
-1.3298705969986822,-2.627438990775528,-0.6378955501228187
1.540517428959689,-1.1666933198273262,2.215696519990659
1.631025347634465,0.36477420028037055,2.2999255216400143
-1.8426195518470643,0.6367096999912616,-2.410684044834404
1.429461020780685,-0.8725243236780125,-2.6120455055181218
0.040952708912645054,-0.09688969523660414,-3.009194606102146
0.3281428066976417,0.4306743555533997,2.617099942737405
-0.040335167758582834,-0.6773171959348695,-3.2392341873240054
0.5523975032242109,-0.15636763264912368,-3.1189668694560644
-1.833277173512387,0.9635067485503134,3.0942820171391916
2.5288307167725796,0.15455284412402773,-1.8213361343556433
-1.1694256513744405,0.07289866631062508,-2.855481740729979
-1.9722039236729998,-2.264062120210888,-0.23525164218226666
0.644430307974679,-1.079028102911932,-3.1251121176545227
-2.5369707772869425,-1.6009015852970534,-0.1236008335190652
1.91680008447716,-0.1753863649451266,2.11238073193403
1.0113175791494315,-2.058344548782782,1.7628276720269946
-0.26426645070281296,2.744947905657874,-1.3972801915719908
-0.0763376517313692,-0.600074657199781,-2.9968968337011663
-2.8567219380912485,0.14343020389853156,0.8768058877734265
-1.0404375582606602,0.8107567258598748,2.6470062162871146
0.9523966998739225,-2.294314877837493,-1.7713779891830634
2.3783837880643377,0.8310359500162245,-1.8269478088950302
-1.858675444085037,-2.3396635667761863,-0.29244787227862346
-1.602146574354501,-1.379084202144501,1.7275705102498715
1.2603437784952256,2.33244377032564,1.3834100614524036
-2.0802435129076486,2.0252916100255667,-0.8804851221567258
-0.06098276006199545,-0.0694499809087675,-3.2545649200597064
2.8458165995881943,0.4010149627380356,0.7481586820089487
0.4935357145324055,1.4642857591560372,-2.6889063286024295
2.7312926424151307,-0.24904309695903074,-1.3635088876740573
0.06678729487045268,-0.012404606548388302,2.7398177154556658
-0.6458031473250395,0.2723172465103048,-2.974704224523893
-0.23445280042269176,-0.475694392564102,-2.96140254140359
-2.963548238789816,-0.24428520739813483,0.29230647689844963
-2.4328537330928355,0.4671202500259216,1.5668954508974475
0.16312838725545967,1.9358352484292767,2.131877248223281
-0.8447169004183649,-0.9984358021137949,-3.034834774497235
-1.6354522009202495,-1.755064086921643,1.733903147443773
-0.0633858629167728,0.22299106409525596,2.708419025868264
0.716467771590724,-2.6326798026998626,1.1501676783409935
-0.27948816502475116,0.6349055834768472,2.655263175306951
-2.4175309842045505,0.37133685608541156,1.5788895922932882
-1.254296938805376,-0.9029075960701451,-2.709892258993187
-2.7238107016279454,0.5211716099793682,0.9707409870121918
-2.26610060661146,1.7511717603032384,0.8226312087240818
-2.3979608134801227,1.7183554259984508,0.38708459048430865
0.8450491847542332,2.8817818649725546,-0.09527252054539376
2.479375642595395,0.2767767618208917,-1.7113948184896
2.705356702603233,-0.554749510281059,-1.1752522486883465
-0.14364660428219603,-0.5969438111327948,-3.0833931166909503
1.3186607765664071,1.2174554566803208,2.3499395401982652
-1.108689038917077,2.6521782227933977,0.8453995269223721
-0.8638917004941404,0.9784572216974395,2.5710194474021195
1.6841174860920731,2.0275529023477743,1.3380316224714903
-2.5708148393480563,-1.5457840483995942,0.00568268863296293
2.1981568870510064,0.9875383762757073,-1.9912850447484833
0.808966048847244,2.5964013246382773,-1.412611022546316
-2.449691722810919,1.716478364868624,-0.34115813297465897
-0.19414947720388676,0.37194157665230243,2.797701489827123
2.0244985300568152,2.076179192243705,0.6271176747109464
-0.08678518437941071,-1.309276101621177,-2.7051230413142946
-0.041786038480725124,0.1727238468389713,-3.292733304706634
0.17974516414203798,-0.0035515963171862375,-3.224361205424934
-1.5389215542593533,2.0595305375463853,-1.9019206943594726
1.891636160803881,-2.3267204545069964,-0.2742367113712747
1.693834778361309,1.2101032675981398,2.124345996182361
-3.3268774158599026,0.8901544297123669,1.2311674684192557
1.6166787726662017,0.8429311177031259,-2.4368959541735293
0.09176774452826748,-0.5530845380633085,-3.2222505296697235
0.4639728146614011,-0.6815027600503285,-3.0031960871172405
0.8861345741715009,2.7630855953493154,-0.7664235489414544
-1.8920177050684694,0.4878079407090251,2.206353667265593
1.692161330481049,-1.4218684615048496,1.925361302380239
1.4309678950966278,1.409366907816201,-2.4520237432493297
-0.252921817992221,1.7115036347222132,2.4217109156477457
-0.6014278260688708,0.30574448165658785,-3.101276504355927
1.2744626032238011,1.419290968479574,2.404996598124515
0.20845760079836576,-0.018575331585163755,2.91940836020712
0.020152537105180206,-1.8071696553676098,-2.5362117640856616
0.12090287323842558,-0.09686039805176834,2.6955320237312486
-2.3385037685335366,0.36298548006778436,-1.9313357886602385
-0.8389240228119541,-1.7211314018229604,2.297155077306062
-0.9333862542929658,-0.4702422862385403,2.7665489818716784
-0.5669982824744813,1.9383973135505446,2.1495331889539986
-0.44331115868378773,1.0332938066132349,-2.986310614196628
-0.3412616894249578,-0.57404430984636,2.877895203264014
1.6955612905541442,1.8903937533241812,-1.6241375685533306
0.4517770951421945,-2.8212975970554135,0.7999361322158738
-1.2200714488310112,-1.6365589079957572,-2.508939626479682
-1.1433298228031419,0.5908538099025974,2.4913489273419507
1.0233219679036367,-0.1313843900369739,2.6372932893063887
1.4649353175300721,-0.7102778681471699,2.427607662966847
0.25898506467517063,-1.1865001098866925,-2.9955896640389446
0.002190982319959737,0.3126145440218138,-3.0768061212217828
-0.7685207278312526,-2.748842739374732,-0.9293207101116552
-2.939402441797268,0.6003319045610362,-0.0027052992702151072
0.8200053706687549,-0.508067121420464,-3.0753985695727817
-1.7324785398099727,1.8729036932541274,1.5097617128825913
-0.7361161315822315,-2.3575098727520016,-1.8469698727822579
0.21366647369486969,1.0961164623419815,2.55607758883473
1.2880625423632401,-2.481184064443566,1.0713363055022167
0.03440288111667153,-2.1734167991212003,-2.166231019852348
2.3036899853316717,0.2809183155846136,1.8848780286796223
-1.1565512225363774,0.26360167870856377,-2.9541972392589892
-0.3858517396315532,2.7796893966535614,0.9330803298555597
0.41615574474170475,-0.07814159070555596,2.935053314356735
2.1429832278087155,2.078367881893631,-0.36719091232812606
1.2596771743148976,2.45957600070421,1.166009449416182
-0.556553340672448,1.869113545377983,-2.2861939354967706
0.6986407731311917,-1.0630733597859254,-2.809574346223239
1.56950443939695,-0.37490823468710094,-2.653864549401183
-1.8240401309694252,0.34454071999890706,-2.4514701171545568
0.22846962608597843,-1.4951533866525277,2.3422056219917073
-2.3924204229159836,1.390239249309922,-1.6999614718627578
-0.2403481802138349,-1.0298127084038025,-2.913760249859184
-1.6030498181437927,-2.4393153277661783,-0.8981266957640511
-1.2906884052326695,2.689265350165529,-0.5322131222977078
-2.244201664549689,1.9307995563407256,0.45759578107241455
1.7801929175608975,-2.4148420494021297,-0.03151053795697346
-0.5510787938586598,1.295561865645788,2.44597558063144
-0.03570630740057872,-0.021057243252431575,-3.015864970859909
1.9974903777674633,-1.4067406783877499,-2.455982165326969
-2.8447539899968253,-0.5937541335011338,0.6400342783082054
-1.8127898969663527,0.3855468423582386,2.2372933359312976
0.5950804361149039,-0.49905788286202846,2.6360752205154863
0.2898529548621733,-1.8503432747919903,-2.4026704409088917
0.029578680571855098,2.6035115462423,-1.6108290012995359
-2.9368857123527485,-0.013415861129305184,0.4575179108068553
0.58397190015455,-0.9905956432133445,-3.0261964454207337
0.3524458126089283,-2.339254236641683,-2.0173822745380314
-0.10784051051568182,2.9579471721810813,-0.5392275936256234
-1.408665666929348,2.437035659028463,-1.0699887687886003
-1.6530640347260444,2.361523049555185,0.7419757617652025
-1.646431522723086,1.9067406532034914,1.4685335380575675
-0.7836363258029452,-1.5483133076675069,2.360366603174456
0.20969706190258944,-3.2253432386793044,-0.8401029849422232
0.7847719941449757,2.512945630753837,1.2649876771166972
0.590723195154884,0.2084712082125096,2.84143072300133
1.1210276119374918,-1.4438596139482125,-2.4019865396884126
-0.9561736790779035,-1.8475074729839915,1.7234380384353991
-0.3571179410438937,2.971139381376722,0.11946793523875637
1.5102377337787365,-1.3707038919098862,-2.3081928162843277
-0.0036899622259712796,0.005809723052054415,-3.042763939564947
-0.5146992083361032,0.32361118648514053,-3.044376730629211
-0.694516063092099,0.03173889502257234,2.8800699240624867
-1.3702718803026699,2.59670849262015,-0.7800855376749595
0.8812420120849382,1.3007300933174237,2.2972497637213363
-0.04604489139655114,-0.919386096109359,2.6213145875310477
-2.3401149751279577,-0.17152508890120424,1.7895932847197675
2.659155756308983,0.5395074111942992,-1.4786900341821811
-0.14402073793497194,-0.24247892372587335,2.9003169117259096
-1.108182855543933,0.7546569325356534,-3.0077727455767977
-2.8917967570601615,0.8052024584753957,-0.2164754273336074
-0.5617039151412417,2.9427075707637416,-0.4456563623505306
1.7351050675446817,-1.0742292201049797,-2.2432874613279754
2.468161415147705,1.7118031800574833,-0.1696982723973765
0.008931760770869173,0.1709124693762426,-3.0021150336363696
2.5370689750978155,0.3880657749671866,1.547611189834883
1.511976425488259,2.490648619855249,-0.7899412482252582
2.8678452287107428,-0.6622256324163722,-0.7558204451141629
0.7706281926009392,2.7701052232357033,0.8411863199534881
-0.05910076022068098,-0.2309410561865767,-3.140862412669825
2.4222280799226743,-2.177449764883574,0.4256250940999007
1.0317220285452886,2.4881801410604565,1.2364912644836825
0.7402262172078442,2.7203775310800293,0.897875166803518
2.140728637558644,0.5940262845580726,1.9542155521856437
-1.4316488416569286,-2.5686453639356186,0.46357515430340024
0.47211140897030124,-2.266712730645976,-2.051515975538867
2.598345792616884,-1.4610958969225516,0.24308972545625582
0.2740428312539351,0.033588890278047914,2.9855714701627467
-0.09816711427803486,0.5170261659965539,2.8172709851839626
2.894764421106151,0.4196312219510258,-0.8548690389203919
-2.2545917180601087,0.5305841409313141,1.717046296342884
-0.5115631297195474,0.6621125998006187,2.757829613170501
-0.4872261219491418,-2.9188495652082906,0.4028385262967098
-0.5886812296465316,-0.6503717458654691,2.801373713294036
-2.842235776621614,-0.558119382413776,0.19271060286774014
0.4206990002620398,2.692746516346897,-1.4463040745546407
-2.1213621369235023,0.7595136649396049,1.9937016732019877
-0.1898942403973078,-0.06181815747706462,2.910934282746603
0.4983468292567928,-0.06596221501499133,2.7434029865506675
-0.1415859409864666,1.1212813162642512,-3.0111304593894697
-1.2979850303960045,2.426274444289756,1.1091704176734034
0.5093157612122537,2.7539193718744355,0.20166987063332054
1.168558194326417,1.7028348820810566,-2.295102669575649
-0.062484917971941605,0.3535778684717691,-3.078356876306445
-0.29389206987446914,-0.8195633517748954,2.840318220183223
-1.1515382791724762,-0.9384756070979793,2.1954226793983302
-1.1874498708955865,1.9164069541605266,1.666129059514667
0.7576897084763148,0.08790737413560315,-3.172484944747481
1.261376896279976,-2.6255299364311466,-0.7262110553267378
-0.36920135442399316,1.2797375024523208,-2.7265376169255555
1.8771800778334962,-0.28923921105071426,2.115221515033702
-1.2707078134117633,-1.1692969666625173,2.258585727676598
-0.4673475954953832,0.4092509957249605,2.8506978597693604
-0.48624918692450614,0.7127999550448696,-3.191462616776737
-2.304602322292666,1.7856868408106623,0.3229799075594125
0.719550272245419,2.8368615204145704,0.5922376251497614
-0.44180527921699225,-1.3767150917146094,-2.673214694309989
0.9036260031199279,2.7656549582552996,-0.8206420765985283
1.7355496473018266,-0.4356616535762801,2.4033373688489754
2.2429046823622802,1.9035991180045928,-0.7707823143549727
0.2527223358694526,0.11757724476959563,2.8742197396474447
-3.225231561698882,-0.4387518718120604,0.2363388968316868
2.274174459781777,-1.7419480603414172,0.8347315226751858
-2.4592545557056846,-1.5616332697545754,-0.9046167190730942
2.9220446712924817,0.5664739654106836,-0.406884313361039
0.2426603778569212,0.9212723962363932,-2.9866950943953956
2.9090707038574704,-0.0073807324631396404,-0.7976143369668061
2.516898740993053,1.5672704114386218,-0.9436896007846111
0.4007960349536869,-0.026052024307136597,-3.1163691412626346
-2.5128567251115155,1.4560527323327592,-0.7713148969115975
-1.7636040203238332,-2.4245500249739447,-0.41160273206164943
-1.4126761125262728,-1.0208414326945376,2.2497081511541204
0.6959204426838261,-0.9079077787833246,-2.862213166107289
-0.18849797661429013,-0.018065257348238828,2.6922686154201343
-1.5706009680578963,-2.251179661401985,1.1423959302662599
-2.8761217852312195,-0.4125905921118783,-0.7935679364114067
-1.1582840473345353,0.3287107438074186,2.6281063196707817
-1.6838434359151377,2.1814094136094235,1.0650800036162484
0.9221348388497337,-1.762754369419854,2.070820465248452
-0.8201511054023456,1.9015074756797272,1.9515499741130435
-0.5677512686964745,-0.9896171181210897,-2.803116128879755
0.028024388827999454,-0.913443871365787,2.697534242615944
0.7653845395950037,0.35176624306882187,-3.1277008228020127
2.7127715587180727,-0.9104989464520183,0.8415787865928429
1.9095797387089561,2.296003874905133,0.21640744843570522
0.31318418104311546,-1.102743337073361,-2.90214736590705
-1.186954070049221,1.3953324464654566,2.1953580085616227
0.6268746074896132,2.7286424722288056,-1.1327866100001989
2.584292614028732,1.5035017858203696,0.2253028291909127
-1.8343028580904728,-0.5074223160975531,-2.355422099945366
1.2671756302036157,0.33438618602498277,-2.8550532249869423
-0.34536329339608013,0.3149071083837532,2.7468783910649774
0.8863001328241675,3.4784122938309365,0.12900661663070329
0.4936798093446541,2.5149032013065113,1.4743516592240884
-0.6351187385439896,-0.7306041419971561,2.66538491026224
1.3081124786756448,0.7250537839446176,2.1210413773622547
-2.227870097152047,-1.0820293105753391,0.9370344795318937
0.6800506471513015,-2.5856634401009284,-1.417923231271096
0.2336131712427149,1.376395221382325,2.5268238520413733
2.504127258422036,0.08397700519639939,-0.961939828024885
-1.2458252822843479,2.4258365270348903,1.1065027418659539
5.7699445448170616e-5,-1.3615760355635664,2.224941578439526
1.650969578957387,-0.4560372454236514,2.323499466006494
2.253359364338976,-0.5279131017576529,1.8434098608463456
2.4089517399139537,0.8972825625460288,-1.5631240656097063
1.5259543653626417,-1.7589918838189103,1.7413325715815375
2.636244439019081,-0.2152832153179869,-1.4983385423030393
-2.0767537053563574,2.0148648678873067,-0.9351569215680143
-0.6384336838510204,0.13985600124038283,-2.992322513825018
0.08163291620532216,-0.24449702785962937,2.7315519524728833
-1.3580588518554253,-2.654312056855107,0.2213142662600281
0.23123570814696676,0.4205134452714917,2.758078589357046
-0.5195337944009812,0.01050044047076787,-3.038077310302977
0.9553019147704774,-0.4081345108567062,-2.9821763700218336
0.593385675742857,-1.4212505579301111,2.3959375688441154
0.8226698452570094,-1.7657161725911283,-2.3889813420798602
-2.719716191674515,-1.0101169172064135,0.6772463804213281
-2.1289078327076214,-1.6273016300897971,-1.4070466882686952
-0.32941087101698474,-0.6339755909071724,2.6701055744469278
2.829235800537397,-0.35034062478515005,-1.000938595014269
1.3579906440835405,-1.4239177775629166,2.5876657078075977
-2.77899255193651,-0.6200953052217447,-0.9778367572401806
1.2396532714657018,1.4644100919015164,2.1490697507998258
2.937785499684824,-0.10043134077466222,-0.6418632164629356
2.613844666989165,0.32809752879144277,1.3223345720495632
-2.817399406699842,-0.8075913559669183,0.5503484810914483
0.5083711662285941,-0.9330722974856522,-3.1197994581925004
-1.685868567462422,1.3077181583296418,1.9403171464238775
2.061851135145707,-1.3660702167485108,1.5199230808309412
0.4769106637424631,2.122988601601022,-2.219752830858556
-1.2627833834644624,2.7214374660327936,-0.018187332730605178
1.7302984571447293,-2.213767803263892,-1.9825976699866221
-1.3756858933835037,-0.9346336486909168,2.424400071797911
-1.9188595193893572,-2.2170665158730203,-0.6971165395630522
2.388403834408031,1.1036701604358978,1.3884665259366142
0.31064503529505955,0.9960535802556234,-2.8526954058377068
-1.7474650737687571,-1.128161297998627,-2.236252082302544
-2.873486757040369,0.34526606734439624,-1.9030315307545465
1.0850290699924938,-1.8925504445644576,1.883636077091457
-1.6582936769472165,-1.781881528320647,1.5892338204327265
2.957227989942928,-0.5030598131292926,-0.17407271401495206
-2.4606754953219547,-0.9797032348086406,-1.5545821499361854
-0.6518006885432424,-2.7779719272811088,0.7994068742637815
-1.8266905253522288,0.9761701933014173,-2.3394153269571003
1.5168077846322208,2.349193718341854,0.9005493273669422
-0.5258128980486425,-0.1621758845350528,-3.215405136729999
-1.5041214977133248,2.2615681191816375,1.2518550136707447
-1.41315258297242,2.2791844785254844,-1.348900540357122
-0.2306428345174794,-1.6549417609557142,-2.6246409372953194
-1.311578707870465,2.5713499818294534,-0.9947889872987059
-1.4957557244262378,-1.2024998992648348,2.1012102276447973
-0.08465004392826656,-1.0946400958725242,-2.9836234673383766
0.3310958325080041,0.39967004713151666,-3.2154760330722847
-2.2325974381666964,0.7424654157014324,1.7817450780965194
2.7107489029391125,-0.0006128430578055669,-1.3701270962769185
1.4552819250794957,1.2236508737767657,-2.336585068657468
0.42009325179065854,-2.0412904385914445,2.1233562776176766
-2.175402461649378,2.0988483438619805,0.6519993416529721
-0.7652218650717818,-2.3555106152539955,1.4990211355961178
0.6808852209850125,-0.18059299990986244,2.6761817787784143
-2.8792434621197174,-0.32098957672029005,0.6224693783452862
2.6925258936917364,1.154754924534505,0.491074505962466
1.4382541735556411,1.495532175818158,-2.169458700947852
0.6091515228565793,-1.367337775301084,-2.780969374777556
2.1869118429276657,-0.7385110584199612,1.795776556959799
0.39406067577276765,0.20427364340375864,-3.169155584361329
0.2627036464332279,-0.04273282024559803,2.9610435889407856
1.6257434080780857,-2.194774332983856,0.7766268044692699
2.1099904576548294,2.1140975580054193,0.19344291306494799
1.994322924805484,-1.2826241142448052,1.7996611817191555
2.0649832175946843,-2.0386429588104207,0.6036035776752258
0.08773062929397221,-0.07446758691656874,2.9778161723529575
1.2675300599735204,-2.163768317701796,1.4632002029121431
-1.0271318407021146,0.4850027767927303,-3.0284680826963983
-1.6227708892918231,2.0746465848813465,0.78100008426405
-0.5416459125861139,0.6356988034513066,2.877759997421865
-0.741237563773424,0.5431642621779113,2.8095943780783688
-1.2780115868057151,-0.14604062646700863,-2.931882648058575
0.5913999059067524,-2.857659004670612,0.546020930508338
1.558073432551163,-0.010370257774435012,2.37263309720443
1.9134342243965194,-1.0666959085670213,-1.4203078130623878
-0.6099171890044011,-2.41128024529616,-1.6946090437036407
2.2102341519666715,2.0206427036832464,-0.2745704605372713
2.2674690404853197,1.6674445674152338,0.9455747899750166
2.6569047717856655,-0.38271697209527783,-1.4269424168197204
0.022331030769383666,2.968823295754271,0.369058330708868
-1.0953694468911996,0.7803063455695582,2.2770224326595074
1.755854136085519,-0.6423621887821612,-2.367408767454951
-0.24421932326287138,2.816491532933296,0.895397632655828
-2.743409898994668,-0.5440733052152836,-1.303734438392476
2.473496710664805,1.2493006551903887,0.9916206777575547
1.500701531012341,-0.2974707076851882,-2.960284414073792
2.4635078292397563,-0.9892325959410961,-1.440958445602238
-0.7247305014502281,2.8628700051935883,0.5063504604525706
-0.25209295785795954,2.8655226218648293,-0.9697093442986459
2.6531775911939484,-0.339278477164324,-1.4005364247987446
-2.3858103958231895,1.810076229915253,0.08456227894955033
2.022863392921752,2.0292502569851787,0.7368473511722156
0.9794744482471855,1.7950731974834115,-2.2966008373997395
1.55982554871938,-2.4580699924189386,0.6012918313995353
-2.1293447584669725,-0.43199839479387303,1.9462732487880459
-0.9216151609608788,0.07081022103475199,2.659364531409557
-2.837563337432304,-0.589383063769748,0.6323820458068252
0.8041148971780486,2.8280248170843394,-0.8065569240659973
-0.047568344566737426,-0.5915023931477473,2.798087696891864
-0.45551847121300204,1.6489129498166428,2.4205895393190917
-1.1826883005454094,-2.0266022723694443,-1.8928560122788858
-0.14024531334156726,-0.582161721873405,-3.1015179756378046
-0.8110226050148399,0.02278031222261028,2.5841014138656146
1.1513933901074578,-1.023717337704828,2.405177528386267
0.47301205949008374,-0.3000310666732721,-2.9538087587616135
-2.626127777326092,-0.47473863615729606,-1.49372179250117
-0.9926229271085304,-0.2509230802776352,2.6275024131360243
1.9519763932088623,-1.3226967278191242,-2.0157880377472743
1.2133712485235486,0.34927279064362315,-2.7815542767807724
0.09368706570709255,-0.2403321823215806,2.8539488820162577
-1.9578235648519926,1.5507446053020415,1.523081004008352
0.9088393860811992,-2.068141817088286,1.969263166179375
2.645512565540237,1.3809339718501337,0.1714469037324103
-1.6303523502604302,2.0955947625907045,1.223967104399749
-0.1081488046249282,0.13964986220394468,2.893543156631396
-1.1006172667789373,1.9927139536676763,-2.100518197127635
2.2505846681078077,1.976954158937199,-0.2751858999778261
-0.0011931170283181506,2.9541470490304595,0.5150944950570164
0.5749016117892336,0.3467215583116471,-2.944224171114419
-0.8907199198933784,-1.6010014983780478,2.517082709349997
0.3095321738869108,0.03607828804065403,2.739078257265955
-1.1475262774969213,0.853134707188131,-2.72342444782384
1.4286091707606083,2.326941710368203,-1.426338436478289
0.7728205054948931,-2.066302929931807,-2.1646269926200588
-0.7605188098244676,-0.9554645518182108,2.591814267427661
0.1168511068754059,-0.8029670856163815,2.7507143188250796
2.0452449670062838,-2.1768769595983333,-0.2848234124800069
-0.7134132070554651,-0.3534420416791844,2.740503146439335
-0.7244494996655374,2.830572625059877,-0.4865276863397032
0.5685147069493108,-0.31811840725182056,-2.973717719208586
-0.2648389281518394,0.21182929974275075,2.86964056283268
1.7403599970853267,-0.1769093285204563,2.2472216207173665
0.8331151459893398,-1.3343562627126475,2.1136324828298045
-1.8908717136932451,-0.5080686465346755,-2.391123742256991
-2.150174814482541,-1.959341038190544,-0.8659432304196191
1.5064040147897988,1.9072149894340467,-1.903681730272236
-2.0372166120528736,-1.3889343840787307,1.5768516653242206
-2.573257146638218,-0.31653977828556124,-1.538866536504894
-2.084867165724307,2.1452065464802725,-0.4854250601665387
0.08549714622727655,-0.1725907270089173,2.9378683380979207
2.2814332113691127,-1.8793245355357924,0.4470298206809947
-2.7399787843655936,-0.23013753973059983,-1.2753032726562914
-0.49015072947750904,1.3039568060927926,-2.747568467397233
-0.6264675370988831,-1.1755943095520245,2.5714957101019142
1.1051444755139426,2.775160674044285,-0.36095723732567314
-0.21926606096482085,-1.3780845838013964,-2.8814448208135808
-0.2842350164856067,-1.6341928479474737,1.954492444201777
-0.9255216257501984,-2.7281858178722587,0.7343825046379162
0.02820695972784799,-1.4070418166178131,-2.8149192313331457
-2.7652417791978467,0.11459478655492483,-1.1854046206910636
-2.1647163463679746,0.4080366397837963,-2.2259057248619323
-1.0148161824658117,-2.5897667981946046,1.028848990741434
1.2516614729423474,-1.1194665654944376,2.1218230505880618
-1.2859258444888895,-1.6923910643519133,2.043802469379723
-1.3176387767995152,-2.596910321596683,-0.9230848732551344
0.3031686744689914,2.0400854804904056,-2.386288056083841
-0.03709978435372408,-2.6741496740973125,-1.3713068779699085
2.245549633093767,1.8931536522823176,-0.647032813333509
-1.279199036576427,2.4663632943217,-1.5268195530159947
0.9852083672884447,0.49728437600330555,2.537631109186532
1.2176452415799301,-2.4716238542723157,-1.303763304173275
-0.0942412370961821,0.31265473887444634,2.8818579733710585
1.317082484102131,-1.308715359670085,2.265347367771096
-2.958123466330671,0.9868555853681356,-1.645534270599944
2.791888184437899,0.3260048300887062,1.0267814681369378
-2.806216299385219,-0.7814928836951544,0.6283612067811252
-2.3546455625063127,1.2940349367306982,-1.4640681760024172
-1.5048280394174205,2.3227107264674136,1.0157972123099193
-0.01678836763790206,-2.437588229340553,-1.8952655187406036
1.4362456699351605,-0.7626689972256571,-2.585117284606112
0.9995815694441865,-2.054338327807828,1.8394804420082396
-1.794679312058908,-1.6291519149523834,1.6940807823532773
0.20853726702158895,1.8671748019412409,-2.569110411046937
-1.120479453868754,-0.37296843188789736,2.6848409483805415
-0.4857955513823911,-1.3484071221163094,2.130425988372088
2.1371943074032727,1.0148939103700347,-2.029910754321428
-1.2948779522565805,-1.638263331018193,-2.2411202511415094
-0.07514279267917973,0.01565828058197546,2.7939326608039727
-0.9596768647089587,0.7663638275990383,2.5008422558481973
1.4145132377008713,-2.5814448147741826,0.43978096383429116
0.28169190379190534,1.1907114054674992,-2.864846932635067
-1.0884126409543535,1.7078450090000217,2.020214521447074
-0.3201553081443157,-0.2045458596789092,2.8801105828944604
-0.742465908411227,1.1731349536805382,-2.71780095081514
-0.7245990165798334,0.6503630273175592,-2.843492696197436
-0.27156370961108267,1.1702139178147508,-2.993346276845678
-1.5398647530403304,-2.5678136426420157,-0.19730747867801954
-0.8165178193108972,-0.887653343296104,2.638978117885044
-2.051714213200818,-1.350507369223462,1.6695942694513701
0.24543196244575768,-0.06511000033968965,-3.28778955942512
1.0471807723191913,-0.5504704422389686,-2.7982834863857096
-2.8979994210230013,-0.555227436791864,-0.6574646424033201
2.0093902827859687,0.7776627549420627,1.9684966135902524
0.5224117169810663,-0.3736917406552666,2.5670554503160377
1.0998910554105488,-2.2529229220682416,1.454357656000912
-2.2178280163975037,-0.6100945124298006,1.7291173128515538
-2.6787230735668106,-0.3220742099164991,1.3056464424966059
1.039853095028178,-1.864873343787317,-2.1545734455987513
-0.45623546160415657,-1.0678659801448076,2.73694745612345
-2.483116793453475,-0.09326866807208238,1.604044774955295
0.8988014357717642,-0.6760606332734141,-2.938155408218736
-2.9364380278129345,0.3906315722700734,0.35619356056959023
2.522639494553317,1.4930562782382795,0.6121813582088372
-0.9067393843213223,-3.33283491043784,-0.6391602542383907
0.41180364549896076,-2.112316411546007,1.8978978377714102
-0.8040156041508105,1.0497518921673716,-2.834449302941456
-2.365049136751383,-0.41630953308052804,-1.8318795728195028
1.6191350364588832,1.0897685744750045,-2.4969541744309494
0.6045996394986034,2.650165849277684,-2.181610741053045
2.0102107700842446,-2.1869881830492064,-0.5232219371279447
1.098786677973944,0.07183589164623855,2.656469312833727
-1.7068856298316932,2.3071341389043436,-0.9754390954150988
-0.44910099934153896,-2.3270384609758032,1.8056005039357779
-2.4893715421665665,1.3622099436825275,-1.1837262689188075
-1.4623275529570112,-0.16172269446140183,-2.848713648969697
1.120431435699048,-2.5688847455889006,-1.1502322050084448
-1.3884311987517328,-2.075907492615549,-1.832157294806961
1.7051515110214,-0.17423095073301417,2.354084084669911
2.4419398074538194,0.5913213952286104,0.6904664789102093
-2.825389192254021,-0.11600191437138714,-1.0832451346936087
0.7165497334847428,-0.4318983130991656,-2.8919600110186856
0.2839365542857517,2.57964132786336,1.339996841144675
2.389307922448077,-0.13287556918541824,-1.9110015990310996
-1.200948079928362,2.705840302601316,0.34359926912532374
-1.3689544510750518,1.0921873676669422,2.3301979930649153
-1.145539471162989,0.35241188434709225,-2.897991853264915
1.2811186565735098,2.590351331662166,-0.9686000533300262
-0.4104822431398605,-0.412588937999184,-2.9708309416838956
0.9828519782092803,-0.06344589273944075,2.773891178563121
-1.9496016236377736,1.8722541339016037,1.2137026522058767
-0.0144249755587086,-0.04421984817574682,-3.037169934177604
1.049395042179819,-1.3465495300296957,1.9420934001985555
2.2477562412940726,1.4214763480276618,1.1998834771172247
-1.4985545123176154,-2.828639759925403,-0.9990128960357548
-1.3850578852807869,2.610671160807054,0.5109099262140383
0.3638366545653582,1.686292227073214,-2.5995103184105566
0.03251309188814978,-0.8191481780918021,2.803206438982734
1.390169002492657,2.2196728083794888,-1.6095450854741105
-1.499909807557757,-1.7741513978906684,1.7262652856961764
1.5694407607223488,2.002203324808923,1.4048296203734874
-0.4281086676595396,2.7018473532305993,-1.7580093461059003
0.7764998884649378,-1.8211982144556975,-2.3925728227097274
1.6333147216459032,-2.0306960034392603,1.3071119666272801
-0.7185000742317773,-2.0080622050466967,-2.1934273714990176
-2.4309395028512113,1.5435809101045288,0.8190951487158741
0.8478888482011434,-0.11344773129337592,2.7362057812854603
-0.7335613604242722,2.6098083770472846,-1.4861636031759122
-0.0075058202220040365,0.0038839811827002827,-3.0426067597053663
-2.73615696616077,-0.8087236732157904,-1.0465224664437447
-1.8222925920784416,0.40226620840120125,2.334252392689205
0.47386570343577983,-1.2970882959532772,2.599417678852269
1.6740431743545074,-2.485775823169767,0.060721691942877784
2.678303602649659,1.1436813121823062,-0.7380751911986703
2.848477137465911,1.6668114004274193,-0.6057883519073176
-2.07630989490886,-0.46512263835169604,-2.2099585899942515
2.658252307543717,1.3821997680434222,0.15003741215625144
-1.316633072627401,-1.4364959205142918,-2.4425135559458204
1.5320456612599402,-2.5486919113209274,-0.635310767527335
0.7214211594140391,-0.1168963983094641,2.8270035992941973
-0.12388105662907285,-0.1398634960350968,2.9877702746887205
0.5823061665450919,-2.6904496575152046,1.2881353853071738
-2.9109829630330233,0.7327172424730727,-0.1354701781724125
-1.4943908643191113,2.2125530983982853,-1.421610136430225
-0.09001274989800243,0.09282594355425403,2.82444615549328
-0.6070467314083261,-1.569013776820916,2.3725060856987166
-2.28264967403722,1.6639843594233592,-1.287821643043454
2.7728491893308247,0.15885325032939956,0.9842801052741975
0.35161857466956886,0.9203623426789438,2.584456648175295
-1.908124995459849,-1.449638156069917,-2.465072935707982
-2.1711444415891425,1.9278017839771695,-0.8118726988290346
-2.126270864621421,-2.1033827758235364,-0.4492466930667025
-1.1622833935236325,-3.0201466653457345,-1.298808047329717
2.95714282999883,-0.08400527956923715,0.38661623973565523
0.15919915104911786,-0.6131168444332429,-3.1450508314996166
-2.750892224956968,0.7407329332650803,-1.1502045234436524
-0.3869641717812968,1.1602801596207295,2.6946473850113337
2.7200602866197463,-1.4006143082485465,0.671883445289965
1.2232802271583392,1.9871495965350239,1.8811635556949788
0.3745938867136317,2.979576129053237,-0.12490515611260494
1.2489607474508175,-0.12925773982292804,2.685744633759242
-0.7617307964750074,-2.262782895849014,1.617600292032471
1.3016167287782279,-0.41668293875922735,2.4349244943174795
0.09290895813791214,-0.13058938822778063,-3.22360085341038
0.7383349797962396,-1.8155014809017738,2.103560596217351
1.6613005974611084,-0.3232215337809735,-2.6281470227753267
-0.8100761114061282,-0.8617949382067454,2.703817564044455
-0.9054862798887018,-0.03849382823318758,-2.9286664706602865
-0.24908477758247927,2.077035285727096,-2.3162176881490537
1.4344892998162313,0.010550468739522567,2.589931340488504
-1.5088193674521768,-2.5977544081514,-0.12478073584629583
-2.9569777972376596,0.49766117658735626,0.024338972395389544
-2.0020092765829265,-0.4515704529542423,2.1186499438741593
-0.9776676993261011,-0.2857646953519578,2.6990385852077656
-2.5855591392841397,-0.783770493825979,-1.3626199652574054
2.6600567161560296,-1.3593965713040914,-0.44266936816456137
-2.5860947314651686,-1.0354867356211537,0.9661000927922826
1.3551224359655247,1.0271533608210148,2.12192842565578
0.4775288165864537,-0.9311428410528021,-2.9804382757199854
2.424165845960969,1.4571711053000813,0.9433749907753153
-2.7058294561643383,-1.1929340363958856,-0.6315860927541751
-2.3980499686428742,1.0389015698055601,1.365620447049213
1.7587782524697575,-1.8328850288231868,-1.629903601372406
-0.19817375218444766,0.7984483415753799,-3.01078530531656
-1.0725270760709302,-1.3451383433596467,2.264150252198889
0.138590577644081,-0.30531435759033543,2.6516956349284917
-0.7162450693996821,2.900579465168689,0.1883963187408654
1.767168598382621,0.7360756716587274,2.1293723089037164
-0.01099806441496761,0.05932262011866481,-3.022035885385978
0.3715765537135981,-0.09502707855775865,-3.307864803112285
1.2019429780202642,-2.191478272758269,1.4806775175953566
2.23542541169079,1.9874427020695427,-0.3177324617886536
-0.028627209715660833,1.974890764753821,-2.481710232386347
-0.6451685679439769,-0.22397803425081153,-2.931803375806116
0.5521948051457223,2.9506705044269745,-0.1562385822196019
0.05038291467560995,-0.22910154061337448,2.9449623131456386
-0.3337669222367964,2.644522249213021,1.2315505884786515
-2.4569281741112374,1.6568285616197198,-0.6303365557992511
0.06758096282585617,-2.010530454276077,2.141704353354179
2.7551847427039684,-1.1829547476706932,-0.2742072981601146
0.9396568450722826,0.4495351717426558,-2.984712674016118
2.808101512401665,0.9568294906407164,0.381670976460717
2.207408813760702,-0.8866810106171237,1.6876805527094985
0.9975309323380602,1.3495343021813786,2.4652641879792467
1.6663177113881913,-1.0187964951761725,2.069483362040015
0.11067145751300533,-1.1934342025682154,-2.7995577100022015
2.1544476120989464,0.4653038943621763,-2.190752318959294
-0.23264528400172446,-0.22820466563395334,-3.1578512338680533
2.2241508615765713,1.195266209845225,-1.69449972103129
-1.345735438348564,2.5780273311318886,-0.9301474919195278
0.11303781431147737,2.9847120659171735,-0.2823838589834656
-0.30443043404770487,1.724764668929336,2.3830057763453287
-1.918054717524438,-1.4011320841640802,1.706255384325389
0.8822766035081833,-2.7824802029462714,0.6714086607297515
-0.05952837251878015,2.776291085374907,0.9415113997171339
-0.475242870672774,-1.3254617873549326,2.636751816139382
-0.14823908169868205,-0.34610807881398,-3.246678867701598
-2.624094889291229,-0.5170400509319129,1.2652373496762392
-2.2639766795798772,-1.6992505440212522,0.889558481416439
-2.307445771004245,-1.91717138169613,-0.10609192582408555
-0.9496698725383711,1.3707425591658031,2.3343311997715976
1.479712110874508,0.059929257092325564,2.6050270976411904
-2.29620474491744,0.08849105907929333,-1.9464659663795276
-2.4045535068920088,1.1977805188638433,-1.3471804923272448
-1.127565939333606,-2.48890576630113,1.1771156615983525
-0.061484495377853964,0.40180876650151504,2.9575871044452784
-2.3304834418008613,-1.3098999478975575,1.32230478662287
0.18852961640525503,1.7926358261265345,-2.473758960693369
-1.0560380806819267,2.7391875463245277,0.5459389063533048
0.15857108945291692,-2.2038534307511393,-2.3585249892024387
1.0983694219856595,-0.4738376666536871,2.578385311947853
0.017310688539774268,-0.046109926836005864,-3.2847129005331612
2.6967893514223946,0.3773659145418341,-1.3731120434634712
0.7406786816412783,-2.6984358682573903,0.9971581822809606
-1.3678405011507584,0.9087022702998043,-2.693914423477667
-0.2667160217367209,0.27512723652203985,-3.191534959216579
-0.1751110531493546,0.3413024279061622,2.82128165969597
0.8564773175183272,2.3490717687453095,1.564429768899453
-1.6429394795114292,2.2300617718313207,1.1467208590761893
0.524221098941977,-2.2471750626374907,1.7558648920391353
1.6293662845212864,-2.1087343777179144,1.2108000402488366
1.334822044025843,0.994955508016542,-2.587680516605549
0.47961907999097536,2.108598365345592,1.9307106226196353
0.10420537123817461,-0.952537291746529,2.6271331531583546
0.23471673683249983,0.8145096994812384,-3.002498733569141
-0.35336670677522575,-2.113077771078146,1.9399045704931772
-0.042411734372267196,0.0691367045392111,-3.3060229540056563
-2.226858582799437,-1.8332848490621705,0.7906004115880585
-2.3772678477112703,0.7122639469742188,1.6729579759456592
2.935180932860556,0.5559632434627868,0.25825532671916523
-1.4890856335267844,0.975456961573485,2.2549519662174538
1.1217156718499557,2.7837128348764963,-0.13844534642241133
0.9357020665199319,-1.4590314792680943,-2.4618346974541456
-2.28809533394686,1.191980414814234,-1.7183944140242002
-2.958286876237034,-0.47356611009824356,-0.3173635584208032
-1.658879482053083,-2.3651475703839733,0.7204270080268226
0.5156405204904884,1.2285981968479784,-2.778218299089112
-1.8544667646482067,-2.3634527483306185,-0.11101034873254782
2.451460492840244,1.1105133142961008,1.2158822924275072
-0.5880614384575988,-1.3098874263392233,2.54441898158154
2.7295743377309165,-0.25387489122498147,-1.3806395580325495
0.5461094157123053,-2.1370922848018075,1.87922760455296
-1.662412692678344,-0.5034838492728816,-2.610173046170761
-1.317811088738172,0.11379753099349471,-2.814124349134088
-0.5052507007097178,-0.8005836712341023,-2.936741795367478
-0.36019655759705205,0.04579976043745117,2.799455940242063
2.182405013610334,-2.050591817914543,0.11034894360751919
-0.4125095285128908,1.0737448947586838,2.7368491131970494
0.9004754207492786,-1.6939319083306152,2.107026725271609
0.7302080804370485,2.886166700774302,0.31613136760612254
0.28297342525161906,0.9351016262171331,-3.027464834075654
-2.579103709964536,1.1431415552042643,0.9610517628013125
-0.5680647845324065,1.7409097659382329,2.2263613876767665
-0.23003566561167924,1.8331107774653308,1.748576127997459
0.7224631882970455,1.7681382036667954,-2.323551189540202
-0.07131249655198767,-0.056330441936247186,-3.0583013361750457
-0.04606260554715315,0.2499962487874752,2.7696456609503337
-1.178987602160082,2.440175928089807,1.2405503345355564
-0.798167089515118,1.833482383670142,-2.236502806983595
-0.21315327017834215,-1.804070475544776,2.2856196764884857
2.0378437114758623,-1.3779356916336207,-1.719084435797633
-0.3706620225660605,-0.25274104219738963,-3.0045473909193636
-0.30064026996986354,-0.37642360184429796,2.9291894279919446
2.1253716494516186,0.20708049131437706,1.7195240817889672
-1.0511908801265784,0.6911062383701818,-3.0818916955425686
-0.8131650206886943,1.5327779209448766,2.3743535979565236
0.42179682422866455,2.638744874140286,1.2277516262132515
0.3565576509040257,-1.503693984018899,-2.7188430620091086
0.4199728811584415,0.076824793726192,2.7238244024333413
0.4850504424231019,0.45850125908008854,2.8469492303298813
1.5842229516370199,-0.2690898556725172,-2.754996206602258
0.31098817651887517,0.39074352970346427,2.7830180620756377
-2.9524168869315353,-0.09913019226765336,-0.5255325949006582
-1.774642736345556,-1.0586158588881351,-2.227185496275969
-0.8189998573365914,0.6646232631768285,2.7742099063536916
-0.39554590885951674,0.5926072810547166,2.8564216466363552
-1.6246593542528274,1.0027944068600785,-2.4572523798427017
0.2682325289782252,0.7019096076990251,-3.0395952985892376
-2.2734898306967537,-1.0787231987746615,-1.778927782830084
-0.1624992777003231,-1.2869740712154933,-2.934820594278548
-0.0861861805978635,1.2372484267413806,2.644097359496544
1.3394784101172628,-1.7255215109170066,-0.778504937851623
-0.5557542251854211,-0.2331627585643112,-2.997745934004912
-1.2255431250828637,2.309618063622301,1.3574029627041162
-0.11199393295698588,0.6049583828827982,2.6961201612463164
1.2823864332735626,-2.005859131525761,-1.9031771794276036
